{"mean":{"confidence_interval":{"confidence_level":0.95,"lower_bound":22947941.207749993,"upper_bound":23419237.137333333},"point_estimate":23172373.36,"standard_error":120032.67914032219},"median":{"confidence_interval":{"confidence_level":0.95,"lower_bound":22558929.666666668,"upper_bound":23009535.666666668},"point_estimate":22761432.666666664,"standard_error":109772.58198854623},"median_abs_dev":{"confidence_interval":{"confidence_level":0.95,"lower_bound":562971.3794052601,"upper_bound":1080821.311211586},"point_estimate":783951.1757820826,"standard_error":141382.54786256785},"slope":null,"std_dev":{"confidence_interval":{"confidence_level":0.95,"lower_bound":924485.4681119291,"upper_bound":1451819.343143886},"point_estimate":1210254.0176715003,"standard_error":134658.8366271538}}