{"mean":{"confidence_interval":{"confidence_level":0.95,"lower_bound":23418094.126499996,"upper_bound":23429570.59266667},"point_estimate":23423226.829999994,"standard_error":2952.965453471208},"median":{"confidence_interval":{"confidence_level":0.95,"lower_bound":23413218.0,"upper_bound":23423285.0},"point_estimate":23417801.5,"standard_error":2634.856675567811},"median_abs_dev":{"confidence_interval":{"confidence_level":0.95,"lower_bound":12379.709780216217,"upper_bound":20459.638714266937},"point_estimate":15147.476831076689,"standard_error":2142.3820856534016},"slope":null,"std_dev":{"confidence_interval":{"confidence_level":0.95,"lower_bound":15871.788882111598,"upper_bound":44295.87242302385},"point_estimate":29833.139259925603,"standard_error":8361.505295582205}}