{"mean":{"confidence_interval":{"confidence_level":0.95,"lower_bound":23887742.09783334,"upper_bound":23943514.16616666},"point_estimate":23907474.783333346,"standard_error":16734.170970088915},"median":{"confidence_interval":{"confidence_level":0.95,"lower_bound":23884331.333333332,"upper_bound":23890031.666666664},"point_estimate":23887499.0,"standard_error":1526.9111492194402},"median_abs_dev":{"confidence_interval":{"confidence_level":0.95,"lower_bound":8375.701451299734,"upper_bound":14209.732347724981},"point_estimate":10895.874306558642,"standard_error":1455.1517660560305},"slope":null,"std_dev":{"confidence_interval":{"confidence_level":0.95,"lower_bound":13067.842192657467,"upper_bound":288552.01812724426},"point_estimate":169039.82057341182,"standard_error":96463.09043900127}}