{"mean":{"confidence_interval":{"confidence_level":0.95,"lower_bound":24146280.566916663,"upper_bound":24172874.1945},"point_estimate":24157569.079999994,"standard_error":6898.324375500333},"median":{"confidence_interval":{"confidence_level":0.95,"lower_bound":24134005.666666668,"upper_bound":24156917.833333336},"point_estimate":24145671.5,"standard_error":5963.316522541061},"median_abs_dev":{"confidence_interval":{"confidence_level":0.95,"lower_bound":28892.66736454921,"upper_bound":49512.414520978},"point_estimate":40599.02347922233,"standard_error":5648.136667657083},"slope":null,"std_dev":{"confidence_interval":{"confidence_level":0.95,"lower_bound":31997.247390202625,"upper_bound":108014.66475737173},"point_estimate":69259.06970670163,"standard_error":24235.127560034423}}