{"mean":{"confidence_interval":{"confidence_level":0.95,"lower_bound":23560069.848083343,"upper_bound":24010631.229583338},"point_estimate":23781715.846666664,"standard_error":114678.51846000101},"median":{"confidence_interval":{"confidence_level":0.95,"lower_bound":23258007.666666668,"upper_bound":23969994.666666664},"point_estimate":23527721.666666664,"standard_error":187644.88854089394},"median_abs_dev":{"confidence_interval":{"confidence_level":0.95,"lower_bound":977232.545250658,"upper_bound":1498516.4256960154},"point_estimate":1254962.562119957,"standard_error":125921.8161870268},"slope":null,"std_dev":{"confidence_interval":{"confidence_level":0.95,"lower_bound":994454.433098458,"upper_bound":1298798.3002210143},"point_estimate":1153428.6919542702,"standard_error":77474.30753066472}}