{"mean":{"confidence_interval":{"confidence_level":0.95,"lower_bound":26509347.60975,"upper_bound":27294956.309750002},"point_estimate":26894856.425,"standard_error":200566.2776757537},"median":{"confidence_interval":{"confidence_level":0.95,"lower_bound":26222499.0,"upper_bound":27274244.25},"point_estimate":26736508.5,"standard_error":256757.8472019746},"median_abs_dev":{"confidence_interval":{"confidence_level":0.95,"lower_bound":1484846.6593474525,"upper_bound":2610849.843373149},"point_estimate":1882582.4662774801,"standard_error":285695.6112711579},"slope":null,"std_dev":{"confidence_interval":{"confidence_level":0.95,"lower_bound":1723373.617085699,"upper_bound":2292478.7490620473},"point_estimate":2024062.5892352988,"standard_error":145782.98237868675}}