{"mean":{"confidence_interval":{"confidence_level":0.95,"lower_bound":21156498.012333333,"upper_bound":21546387.479083348},"point_estimate":21346981.28666667,"standard_error":99562.01970757874},"median":{"confidence_interval":{"confidence_level":0.95,"lower_bound":20676251.666666668,"upper_bound":21345966.333333332},"point_estimate":21047478.166666664,"standard_error":207060.2200920629},"median_abs_dev":{"confidence_interval":{"confidence_level":0.95,"lower_bound":424654.9329608688,"upper_bound":1238316.5288329846},"point_estimate":853141.3984537097,"standard_error":232466.169982987},"slope":null,"std_dev":{"confidence_interval":{"confidence_level":0.95,"lower_bound":857844.0896976013,"upper_bound":1115467.782178953},"point_estimate":998736.3606211238,"standard_error":65617.07040220221}}