{"mean":{"confidence_interval":{"confidence_level":0.95,"lower_bound":22273138.952666663,"upper_bound":22875252.696916673},"point_estimate":22566614.180000003,"standard_error":153805.47033402798},"median":{"confidence_interval":{"confidence_level":0.95,"lower_bound":21961462.333333332,"upper_bound":22633995.333333332},"point_estimate":22283395.666666668,"standard_error":162956.3807613826},"median_abs_dev":{"confidence_interval":{"confidence_level":0.95,"lower_bound":1054099.9176859877,"upper_bound":1689298.8729089499},"point_estimate":1363349.0215957174,"standard_error":159039.593278866},"slope":null,"std_dev":{"confidence_interval":{"confidence_level":0.95,"lower_bound":1256714.4179265448,"upper_bound":1815257.3226663067},"point_estimate":1552746.2928847037,"standard_error":143368.93038531666}}