{"mean":{"confidence_interval":{"confidence_level":0.95,"lower_bound":25933392.90825,"upper_bound":26546353.184249997},"point_estimate":26238059.225,"standard_error":156215.79600054666},"median":{"confidence_interval":{"confidence_level":0.95,"lower_bound":25793772.0,"upper_bound":26473026.5},"point_estimate":26159649.0,"standard_error":186128.51692435323},"median_abs_dev":{"confidence_interval":{"confidence_level":0.95,"lower_bound":1054431.772980094,"upper_bound":1794365.914593637},"point_estimate":1359367.3758164048,"standard_error":191340.3199721872},"slope":null,"std_dev":{"confidence_interval":{"confidence_level":0.95,"lower_bound":1324757.8521823382,"upper_bound":1805540.2950845205},"point_estimate":1577963.8975526667,"standard_error":123012.86908188698}}