{"mean":{"confidence_interval":{"confidence_level":0.95,"lower_bound":948478.9047264863,"upper_bound":973572.4179052516},"point_estimate":960692.7989200893,"standard_error":6373.889458755978},"median":{"confidence_interval":{"confidence_level":0.95,"lower_bound":950471.352114899,"upper_bound":966234.0489130435},"point_estimate":958532.1430475175,"standard_error":4680.562165951103},"median_abs_dev":{"confidence_interval":{"confidence_level":0.95,"lower_bound":35714.55050510665,"upper_bound":69502.39600772451},"point_estimate":51896.16573129312,"standard_error":8992.0994163502},"slope":{"confidence_interval":{"confidence_level":0.95,"lower_bound":944824.3128097617,"upper_bound":966516.8132623855},"point_estimate":955383.0281572336,"standard_error":5534.897297948093},"std_dev":{"confidence_interval":{"confidence_level":0.95,"lower_bound":48354.446299407,"upper_bound":81850.8128030274},"point_estimate":64162.331540001884,"standard_error":8884.150189506761}}