{"mean":{"confidence_interval":{"confidence_level":0.95,"lower_bound":289545908.0155,"upper_bound":403103645.20625},"point_estimate":344493799.42,"standard_error":29015223.766432524},"median":{"confidence_interval":{"confidence_level":0.95,"lower_bound":208639292.0,"upper_bound":333787873.5},"point_estimate":278662464.0,"standard_error":37447619.718528815},"median_abs_dev":{"confidence_interval":{"confidence_level":0.95,"lower_bound":174725860.5872959,"upper_bound":325463094.962275},"point_estimate":236065005.98580837,"standard_error":39551730.82522029},"slope":null,"std_dev":{"confidence_interval":{"confidence_level":0.95,"lower_bound":238667623.85947978,"upper_bound":341123524.3994688},"point_estimate":293506907.66578877,"standard_error":26203061.098213915}}