{"mean":{"confidence_interval":{"confidence_level":0.95,"lower_bound":278402160.17649996,"upper_bound":379165935.19324994},"point_estimate":327379342.4,"standard_error":25708846.490461294},"median":{"confidence_interval":{"confidence_level":0.95,"lower_bound":201129967.0,"upper_bound":358124310.5},"point_estimate":287664673.5,"standard_error":37253193.8774527},"median_abs_dev":{"confidence_interval":{"confidence_level":0.95,"lower_bound":202273213.7705326,"upper_bound":325356846.6590613},"point_estimate":267979077.92142034,"standard_error":32393818.895552076},"slope":null,"std_dev":{"confidence_interval":{"confidence_level":0.95,"lower_bound":213625273.73373082,"upper_bound":300050140.09286606},"point_estimate":257994720.33277595,"standard_error":22199505.464514174}}