{"mean":{"confidence_interval":{"confidence_level":0.95,"lower_bound":366596083.88,"upper_bound":503703982.8955},"point_estimate":433381483.36,"standard_error":34931037.23613017},"median":{"confidence_interval":{"confidence_level":0.95,"lower_bound":240642367.0,"upper_bound":460955909.0},"point_estimate":354116938.0,"standard_error":45096834.12363013},"median_abs_dev":{"confidence_interval":{"confidence_level":0.95,"lower_bound":259897809.45829153,"upper_bound":443381008.3406556},"point_estimate":367113134.798339,"standard_error":42269239.566592254},"slope":null,"std_dev":{"confidence_interval":{"confidence_level":0.95,"lower_bound":297757895.24601936,"upper_bound":399505367.453566},"point_estimate":351413127.94662035,"standard_error":26078865.873550527}}