{"mean":{"confidence_interval":{"confidence_level":0.95,"lower_bound":257388765.89975002,"upper_bound":363309494.13175},"point_estimate":308544379.4,"standard_error":27023763.39528069},"median":{"confidence_interval":{"confidence_level":0.95,"lower_bound":173595971.0,"upper_bound":315484434.5},"point_estimate":222538140.5,"standard_error":40364504.45664326},"median_abs_dev":{"confidence_interval":{"confidence_level":0.95,"lower_bound":175389395.98161578,"upper_bound":307221846.25544935},"point_estimate":213162641.48530662,"standard_error":33304069.211935345},"slope":null,"std_dev":{"confidence_interval":{"confidence_level":0.95,"lower_bound":221284567.79692537,"upper_bound":322861589.97803134},"point_estimate":273290671.28063506,"standard_error":26180852.774844036}}