{"mean":{"confidence_interval":{"confidence_level":0.95,"lower_bound":290931945.74775004,"upper_bound":389377988.55224997},"point_estimate":339054819.84,"standard_error":25183676.48509422},"median":{"confidence_interval":{"confidence_level":0.95,"lower_bound":227436217.0,"upper_bound":351534781.0},"point_estimate":304672009.0,"standard_error":36798475.8803191},"median_abs_dev":{"confidence_interval":{"confidence_level":0.95,"lower_bound":172022297.28119373,"upper_bound":288567026.21183604},"point_estimate":233022453.60872447,"standard_error":30598057.7841923},"slope":null,"std_dev":{"confidence_interval":{"confidence_level":0.95,"lower_bound":209706403.08581975,"upper_bound":293350718.38607216},"point_estimate":254156917.00435865,"standard_error":21403387.31517848}}