{"mean":{"confidence_interval":{"confidence_level":0.95,"lower_bound":83518.91156854546,"upper_bound":83787.08947929517},"point_estimate":83660.5376642025,"standard_error":68.46151894420278},"median":{"confidence_interval":{"confidence_level":0.95,"lower_bound":83594.83114035087,"upper_bound":83899.5060707678},"point_estimate":83769.59185522035,"standard_error":87.0517334147412},"median_abs_dev":{"confidence_interval":{"confidence_level":0.95,"lower_bound":398.9794089740849,"upper_bound":627.4389596949856},"point_estimate":492.21160844899714,"standard_error":60.19052131223351},"slope":{"confidence_interval":{"confidence_level":0.95,"lower_bound":83730.51764124507,"upper_bound":83910.02239376087},"point_estimate":83821.56270676322,"standard_error":45.961663056300786},"std_dev":{"confidence_interval":{"confidence_level":0.95,"lower_bound":467.88802794947503,"upper_bound":928.6909915856688},"point_estimate":690.5003723246849,"standard_error":122.68671395932785}}