{"mean":{"confidence_interval":{"confidence_level":0.95,"lower_bound":18458547.21375,"upper_bound":18837303.066499993},"point_estimate":18646425.043333337,"standard_error":97114.59083266287},"median":{"confidence_interval":{"confidence_level":0.95,"lower_bound":18392123.666666668,"upper_bound":18878146.004166666},"point_estimate":18734879.833333336,"standard_error":138101.86435417138},"median_abs_dev":{"confidence_interval":{"confidence_level":0.95,"lower_bound":745697.168326228,"upper_bound":1129739.993863102},"point_estimate":966743.1504368791,"standard_error":94418.8287141852},"slope":null,"std_dev":{"confidence_interval":{"confidence_level":0.95,"lower_bound":831636.250802848,"upper_bound":1105809.1093376973},"point_estimate":977494.8934988194,"standard_error":70031.22111530257}}