{"mean":{"confidence_interval":{"confidence_level":0.95,"lower_bound":17856837.52616666,"upper_bound":17902666.319416665},"point_estimate":17878667.566666666,"standard_error":11722.698331917336},"median":{"confidence_interval":{"confidence_level":0.95,"lower_bound":17853126.0,"upper_bound":17880093.0},"point_estimate":17870026.0,"standard_error":6486.976632382521},"median_abs_dev":{"confidence_interval":{"confidence_level":0.95,"lower_bound":44659.37060713584,"upper_bound":80737.17457912682},"point_estimate":61248.67591261771,"standard_error":9312.997329089281},"slope":null,"std_dev":{"confidence_interval":{"confidence_level":0.95,"lower_bound":83152.52436592412,"upper_bound":146643.18813117364},"point_estimate":117488.6785792272,"standard_error":16156.068181308878}}