{"mean":{"confidence_interval":{"confidence_level":0.95,"lower_bound":20923906.263583336,"upper_bound":20968640.1555},"point_estimate":20946151.673333332,"standard_error":11401.97465321739},"median":{"confidence_interval":{"confidence_level":0.95,"lower_bound":20922335.333333336,"upper_bound":20968037.166666668},"point_estimate":20946752.5,"standard_error":12978.27185699616},"median_abs_dev":{"confidence_interval":{"confidence_level":0.95,"lower_bound":66894.663712386,"upper_bound":109277.5020599356},"point_estimate":87084.46305394081,"standard_error":11222.427481558585},"slope":null,"std_dev":{"confidence_interval":{"confidence_level":0.95,"lower_bound":81532.04134202836,"upper_bound":146925.67311327287},"point_estimate":114217.30306742249,"standard_error":16977.626751379634}}