{"mean":{"confidence_interval":{"confidence_level":0.95,"lower_bound":20818424.359250005,"upper_bound":21185110.57383333},"point_estimate":20997348.22666667,"standard_error":93819.31227203028},"median":{"confidence_interval":{"confidence_level":0.95,"lower_bound":20666367.0,"upper_bound":21060933.666666668},"point_estimate":20845984.333333336,"standard_error":106582.67007966072},"median_abs_dev":{"confidence_interval":{"confidence_level":0.95,"lower_bound":636745.8567930019,"upper_bound":987930.2453607302},"point_estimate":849283.1791222142,"standard_error":92624.34311539074},"slope":null,"std_dev":{"confidence_interval":{"confidence_level":0.95,"lower_bound":741493.7203390638,"upper_bound":1132529.6581012928},"point_estimate":944726.1533422568,"standard_error":100331.47567662124}}