{"mean":{"confidence_interval":{"confidence_level":0.95,"lower_bound":17641523.95133334,"upper_bound":17815017.78766667},"point_estimate":17711459.066666663,"standard_error":45418.27653484794},"median":{"confidence_interval":{"confidence_level":0.95,"lower_bound":17602591.333333332,"upper_bound":17637951.0},"point_estimate":17622401.333333332,"standard_error":8991.117585882655},"median_abs_dev":{"confidence_interval":{"confidence_level":0.95,"lower_bound":52143.76384176226,"upper_bound":104055.29075265022},"point_estimate":74249.59508180527,"standard_error":13444.733813503686},"slope":null,"std_dev":{"confidence_interval":{"confidence_level":0.95,"lower_bound":134603.5059391441,"upper_bound":736962.7815969512},"point_estimate":456461.08004977455,"standard_error":181677.0293318913}}