{"mean":{"confidence_interval":{"confidence_level":0.95,"lower_bound":107337.21159563617,"upper_bound":109127.86527240255},"point_estimate":108215.24185875611,"standard_error":456.6532832737806},"median":{"confidence_interval":{"confidence_level":0.95,"lower_bound":106790.46296296296,"upper_bound":109421.04252400549},"point_estimate":108104.96237238577,"standard_error":725.9630312926589},"median_abs_dev":{"confidence_interval":{"confidence_level":0.95,"lower_bound":3397.509016185799,"upper_bound":5236.823709354115},"point_estimate":4511.136372359416,"standard_error":479.62834318436546},"slope":{"confidence_interval":{"confidence_level":0.95,"lower_bound":109008.45195505438,"upper_bound":110596.55796454327},"point_estimate":109814.60154934897,"standard_error":404.644213390213},"std_dev":{"confidence_interval":{"confidence_level":0.95,"lower_bound":3579.200175587967,"upper_bound":5781.880505086616},"point_estimate":4618.134667657461,"standard_error":574.741937968405}}