{"mean":{"confidence_interval":{"confidence_level":0.95,"lower_bound":105955.84668608468,"upper_bound":106585.01250968043},"point_estimate":106275.06768231987,"standard_error":160.27644963626113},"median":{"confidence_interval":{"confidence_level":0.95,"lower_bound":106192.64651467506,"upper_bound":106848.69125541125},"point_estimate":106369.4696479885,"standard_error":181.4305691346196},"median_abs_dev":{"confidence_interval":{"confidence_level":0.95,"lower_bound":1351.068580987435,"upper_bound":2306.7443142013526},"point_estimate":1767.2060631974093,"standard_error":254.84028873175728},"slope":{"confidence_interval":{"confidence_level":0.95,"lower_bound":105532.12701846636,"upper_bound":106353.16647737216},"point_estimate":105950.47019654204,"standard_error":209.59935808335436},"std_dev":{"confidence_interval":{"confidence_level":0.95,"lower_bound":1399.3899727659439,"upper_bound":1797.2310633129675},"point_estimate":1609.410855540612,"standard_error":102.22484567203878}}