{"mean":{"confidence_interval":{"confidence_level":0.95,"lower_bound":18981912.087250013,"upper_bound":19282870.960833333},"point_estimate":19130468.013333336,"standard_error":76684.29012861034},"median":{"confidence_interval":{"confidence_level":0.95,"lower_bound":18764887.5,"upper_bound":19196280.166666664},"point_estimate":18988941.0,"standard_error":123664.03508152498},"median_abs_dev":{"confidence_interval":{"confidence_level":0.95,"lower_bound":594400.2749472857,"upper_bound":1013941.0843164453},"point_estimate":826336.7322295904,"standard_error":113702.56760727985},"slope":null,"std_dev":{"confidence_interval":{"confidence_level":0.95,"lower_bound":676562.8111532691,"upper_bound":853122.642372123},"point_estimate":771304.8790752372,"standard_error":45115.24736789561}}