{"mean":{"confidence_interval":{"confidence_level":0.95,"lower_bound":16850982.861250002,"upper_bound":17272299.77383334},"point_estimate":17057323.406666677,"standard_error":107542.20494236553},"median":{"confidence_interval":{"confidence_level":0.95,"lower_bound":16669646.0,"upper_bound":17187999.0},"point_estimate":16888513.833333336,"standard_error":113533.55629701739},"median_abs_dev":{"confidence_interval":{"confidence_level":0.95,"lower_bound":788559.3436002703,"upper_bound":1277725.6793483288},"point_estimate":1040759.977322814,"standard_error":130122.92959126896},"slope":null,"std_dev":{"confidence_interval":{"confidence_level":0.95,"lower_bound":891020.4791740426,"upper_bound":1249924.2510253207},"point_estimate":1078920.0967855607,"standard_error":92041.0847911271}}