{"mean":{"confidence_interval":{"confidence_level":0.95,"lower_bound":8796.950590970084,"upper_bound":9172.717632634727},"point_estimate":8976.784053462758,"standard_error":95.93772765007121},"median":{"confidence_interval":{"confidence_level":0.95,"lower_bound":8600.600030918085,"upper_bound":8884.145087833442},"point_estimate":8730.05459486166,"standard_error":84.4388880571873},"median_abs_dev":{"confidence_interval":{"confidence_level":0.95,"lower_bound":412.1545573012994,"upper_bound":842.3272291407417},"point_estimate":597.6008722749577,"standard_error":116.95293052800827},"slope":{"confidence_interval":{"confidence_level":0.95,"lower_bound":8571.462247374599,"upper_bound":8827.0979261524},"point_estimate":8692.610710445722,"standard_error":65.33639052213537},"std_dev":{"confidence_interval":{"confidence_level":0.95,"lower_bound":740.8850483496334,"upper_bound":1157.8333230521935},"point_estimate":963.0437385826211,"standard_error":106.57340960797582}}