{"mean":{"confidence_interval":{"confidence_level":0.95,"lower_bound":8473.448862048988,"upper_bound":8592.69874329353},"point_estimate":8524.426306604619,"standard_error":30.809233292069237},"median":{"confidence_interval":{"confidence_level":0.95,"lower_bound":8456.38921248835,"upper_bound":8487.79710591133},"point_estimate":8480.713538401254,"standard_error":9.443440164034564},"median_abs_dev":{"confidence_interval":{"confidence_level":0.95,"lower_bound":27.259815895350414,"upper_bound":46.21996959905343},"point_estimate":38.865201339246504,"standard_error":4.701422334261141},"slope":{"confidence_interval":{"confidence_level":0.95,"lower_bound":8447.448205896299,"upper_bound":8556.464988259242},"point_estimate":8488.073625657986,"standard_error":29.237552193696832},"std_dev":{"confidence_interval":{"confidence_level":0.95,"lower_bound":79.04397460645757,"upper_bound":476.2016927997758},"point_estimate":310.79301653429775,"standard_error":104.78911031440174}}