{"mean":{"confidence_interval":{"confidence_level":0.95,"lower_bound":9868.772017469002,"upper_bound":10037.269130945891},"point_estimate":9950.997186168906,"standard_error":42.94798932547985},"median":{"confidence_interval":{"confidence_level":0.95,"lower_bound":9819.57356261942,"upper_bound":9963.29308738176},"point_estimate":9907.897628069259,"standard_error":34.200488866694954},"median_abs_dev":{"confidence_interval":{"confidence_level":0.95,"lower_bound":273.6462219758068,"upper_bound":434.3516315308122},"point_estimate":356.5281353474895,"standard_error":41.22578403367304},"slope":{"confidence_interval":{"confidence_level":0.95,"lower_bound":9845.653066782064,"upper_bound":10044.533065733129},"point_estimate":9940.465962599512,"standard_error":50.641891346780746},"std_dev":{"confidence_interval":{"confidence_level":0.95,"lower_bound":347.3224800543223,"upper_bound":513.0398668119057},"point_estimate":431.5689121132779,"standard_error":42.16089613253387}}