{"mean":{"confidence_interval":{"confidence_level":0.95,"lower_bound":8633.330762704147,"upper_bound":8689.317211840838},"point_estimate":8654.749727330001,"standard_error":15.188259653212908},"median":{"confidence_interval":{"confidence_level":0.95,"lower_bound":8633.847541388683,"upper_bound":8654.938054924132},"point_estimate":8646.750173518813,"standard_error":5.919950302102236},"median_abs_dev":{"confidence_interval":{"confidence_level":0.95,"lower_bound":29.042053963968343,"upper_bound":47.53032583432996},"point_estimate":36.566330064660676,"standard_error":4.800185546797709},"slope":{"confidence_interval":{"confidence_level":0.95,"lower_bound":8613.505325486098,"upper_bound":8665.719923737177},"point_estimate":8634.713521008818,"standard_error":13.57113780938048},"std_dev":{"confidence_interval":{"confidence_level":0.95,"lower_bound":40.294221066643445,"upper_bound":255.95906826136516},"point_estimate":153.04383549167983,"standard_error":73.9963138624521}}