{"mean":{"confidence_interval":{"confidence_level":0.95,"lower_bound":3282.8831711707026,"upper_bound":3375.567650210195},"point_estimate":3328.4097316211237,"standard_error":23.683525377687467},"median":{"confidence_interval":{"confidence_level":0.95,"lower_bound":3239.1656901041665,"upper_bound":3353.7390238174185},"point_estimate":3298.807930495431,"standard_error":29.746168412860523},"median_abs_dev":{"confidence_interval":{"confidence_level":0.95,"lower_bound":153.07736327840254,"upper_bound":264.26939880634245},"point_estimate":205.88471315600907,"standard_error":29.28846533537393},"slope":{"confidence_interval":{"confidence_level":0.95,"lower_bound":3224.0466241941426,"upper_bound":3348.1276497366766},"point_estimate":3283.9816176850895,"standard_error":31.6498443989202},"std_dev":{"confidence_interval":{"confidence_level":0.95,"lower_bound":200.71820909818544,"upper_bound":270.92422525967567},"point_estimate":238.08427866662103,"standard_error":17.90919613423481}}