{"mean":{"confidence_interval":{"confidence_level":0.95,"lower_bound":7851.303405497131,"upper_bound":7862.92734438472},"point_estimate":7857.344989175402,"standard_error":2.9865151883859653},"median":{"confidence_interval":{"confidence_level":0.95,"lower_bound":7863.635783298827,"upper_bound":7869.002267573696},"point_estimate":7866.836090023771,"standard_error":1.3996771381598105},"median_abs_dev":{"confidence_interval":{"confidence_level":0.95,"lower_bound":8.184619920901651,"upper_bound":17.21374151047416},"point_estimate":12.423980086394872,"standard_error":2.420358304380627},"slope":{"confidence_interval":{"confidence_level":0.95,"lower_bound":7843.805549475505,"upper_bound":7858.9426879479115},"point_estimate":7851.805478500942,"standard_error":3.8710377033597805},"std_dev":{"confidence_interval":{"confidence_level":0.95,"lower_bound":22.916209551679717,"upper_bound":36.579968743287175},"point_estimate":30.18169880069966,"standard_error":3.489249038651976}}