{"mean":{"confidence_interval":{"confidence_level":0.95,"lower_bound":251309324.01775,"upper_bound":364401310.6875},"point_estimate":306192564.66,"standard_error":28827469.116859406},"median":{"confidence_interval":{"confidence_level":0.95,"lower_bound":136655091.0,"upper_bound":301860506.0},"point_estimate":248690946.5,"standard_error":44860459.95887292},"median_abs_dev":{"confidence_interval":{"confidence_level":0.95,"lower_bound":170721426.2950539,"upper_bound":333594755.5159092},"point_estimate":286217710.7103199,"standard_error":43917211.79149281},"slope":null,"std_dev":{"confidence_interval":{"confidence_level":0.95,"lower_bound":239840809.36340514,"upper_bound":334190694.56643826},"point_estimate":289265654.73178506,"standard_error":24022533.344667897}}