{"mean":{"confidence_interval":{"confidence_level":0.95,"lower_bound":331754266.37450004,"upper_bound":456189197.77774996},"point_estimate":392651653.96,"standard_error":31663672.540336873},"median":{"confidence_interval":{"confidence_level":0.95,"lower_bound":231393443.0,"upper_bound":367340552.0},"point_estimate":317158308.0,"standard_error":32739353.182318427},"median_abs_dev":{"confidence_interval":{"confidence_level":0.95,"lower_bound":219492386.3546312,"upper_bound":388810064.7185415},"point_estimate":316007172.4056512,"standard_error":40997664.43690565},"slope":null,"std_dev":{"confidence_interval":{"confidence_level":0.95,"lower_bound":271163814.419292,"upper_bound":360390075.95299417},"point_estimate":319254809.1974964,"standard_error":22767068.906803522}}