{"mean":{"confidence_interval":{"confidence_level":0.95,"lower_bound":280556950.03725004,"upper_bound":391445459.95274997},"point_estimate":334488199.1,"standard_error":28481290.749183413},"median":{"confidence_interval":{"confidence_level":0.95,"lower_bound":182261393.0,"upper_bound":336021870.0},"point_estimate":285410151.0,"standard_error":45675569.198119685},"median_abs_dev":{"confidence_interval":{"confidence_level":0.95,"lower_bound":190755230.3839177,"upper_bound":339281436.7313504},"point_estimate":269095937.5314921,"standard_error":38975366.199330084},"slope":null,"std_dev":{"confidence_interval":{"confidence_level":0.95,"lower_bound":239430385.72673914,"upper_bound":327363791.4088372},"point_estimate":285769220.70258105,"standard_error":22525430.866194956}}