{"mean":{"confidence_interval":{"confidence_level":0.95,"lower_bound":315122209.13625,"upper_bound":434478292.4094999},"point_estimate":373464481.54,"standard_error":30295766.143775403},"median":{"confidence_interval":{"confidence_level":0.95,"lower_bound":226761783.5,"upper_bound":371339542.0},"point_estimate":286541124.0,"standard_error":36382196.93120928},"median_abs_dev":{"confidence_interval":{"confidence_level":0.95,"lower_bound":222338058.3508104,"upper_bound":384226280.65378976},"point_estimate":321735651.8208504,"standard_error":41011301.31317021},"slope":null,"std_dev":{"confidence_interval":{"confidence_level":0.95,"lower_bound":262381694.00536674,"upper_bound":340341102.6313059},"point_estimate":304021106.29677933,"standard_error":19903619.45446989}}