{"mean":{"confidence_interval":{"confidence_level":0.95,"lower_bound":297158736.61750007,"upper_bound":410722858.2475},"point_estimate":352292469.51,"standard_error":28863612.390033588},"median":{"confidence_interval":{"confidence_level":0.95,"lower_bound":240145758.0,"upper_bound":358947730.0},"point_estimate":294336705.0,"standard_error":29317588.81330015},"median_abs_dev":{"confidence_interval":{"confidence_level":0.95,"lower_bound":197562358.360067,"upper_bound":343831923.00916314},"point_estimate":269647159.306106,"standard_error":36912543.96533642},"slope":null,"std_dev":{"confidence_interval":{"confidence_level":0.95,"lower_bound":241443880.17345816,"upper_bound":334207895.21246564},"point_estimate":290403786.05709624,"standard_error":23811143.435612895}}