{"mean":{"confidence_interval":{"confidence_level":0.95,"lower_bound":3983.56063731795,"upper_bound":3985.4735067240335},"point_estimate":3984.3575737227566,"standard_error":0.4937957502272791},"median":{"confidence_interval":{"confidence_level":0.95,"lower_bound":3983.1156626506026,"upper_bound":3984.1580791250108},"point_estimate":3983.4704225729465,"standard_error":0.31073944682534305},"median_abs_dev":{"confidence_interval":{"confidence_level":0.95,"lower_bound":1.672643236095082,"upper_bound":2.5679838080114585},"point_estimate":2.180234537220863,"standard_error":0.23586709816221288},"slope":{"confidence_interval":{"confidence_level":0.95,"lower_bound":3983.341116490275,"upper_bound":3984.574758553661},"point_estimate":3983.9097834221475,"standard_error":0.31581811167975926},"std_dev":{"confidence_interval":{"confidence_level":0.95,"lower_bound":2.1466889005550556,"upper_bound":7.812526364151377},"point_estimate":4.962740870192617,"standard_error":1.807057349354175}}