{"mean":{"confidence_interval":{"confidence_level":0.95,"lower_bound":75444291.89075,"upper_bound":75532854.63425},"point_estimate":75488526.41,"standard_error":22598.742795867143},"median":{"confidence_interval":{"confidence_level":0.95,"lower_bound":75297824.0,"upper_bound":75571782.0},"point_estimate":75554782.0,"standard_error":108768.20219768451},"median_abs_dev":{"confidence_interval":{"confidence_level":0.95,"lower_bound":87766.21194183858,"upper_bound":394083.968603611},"point_estimate":382298.7814128399,"standard_error":111081.82045635305},"slope":null,"std_dev":{"confidence_interval":{"confidence_level":0.95,"lower_bound":209025.1030387468,"upper_bound":241153.68686061725},"point_estimate":227081.99491511477,"standard_error":8179.962978197788}}