{"mean":{"confidence_interval":{"confidence_level":0.95,"lower_bound":4022.1321062528114,"upper_bound":4169.791057801638},"point_estimate":4091.8959851609807,"standard_error":37.6436398126175},"median":{"confidence_interval":{"confidence_level":0.95,"lower_bound":3958.2362055177928,"upper_bound":4068.779340536513},"point_estimate":4022.488994089439,"standard_error":25.5716245835178},"median_abs_dev":{"confidence_interval":{"confidence_level":0.95,"lower_bound":198.64302821518453,"upper_bound":322.06584847990325},"point_estimate":275.59379133703527,"standard_error":30.44503519715171},"slope":{"confidence_interval":{"confidence_level":0.95,"lower_bound":4025.4809761825168,"upper_bound":4143.49515687753},"point_estimate":4083.111151889473,"standard_error":30.243409784024077},"std_dev":{"confidence_interval":{"confidence_level":0.95,"lower_bound":250.2953478346491,"upper_bound":493.9228799153273},"point_estimate":375.6497960183239,"standard_error":63.29516622422605}}