{"mean":{"confidence_interval":{"confidence_level":0.95,"lower_bound":74810347.671,"upper_bound":75091518.64025},"point_estimate":74951299.98,"standard_error":71842.7286974934},"median":{"confidence_interval":{"confidence_level":0.95,"lower_bound":74801565.5,"upper_bound":75168341.0},"point_estimate":74958232.5,"standard_error":96044.6653488949},"median_abs_dev":{"confidence_interval":{"confidence_level":0.95,"lower_bound":549192.0952498913,"upper_bound":942368.712669611},"point_estimate":828011.3288998604,"standard_error":102311.77253506404},"slope":null,"std_dev":{"confidence_interval":{"confidence_level":0.95,"lower_bound":619640.9947884225,"upper_bound":819319.9800555842},"point_estimate":724696.0927926332,"standard_error":50750.89996605825}}