{"mean":{"confidence_interval":{"confidence_level":0.95,"lower_bound":69664610.073,"upper_bound":70400089.1265},"point_estimate":70035358.66,"standard_error":186812.96914892065},"median":{"confidence_interval":{"confidence_level":0.95,"lower_bound":69692470.0,"upper_bound":70329998.0},"point_estimate":69995133.5,"standard_error":188671.17898715034},"median_abs_dev":{"confidence_interval":{"confidence_level":0.95,"lower_bound":1418928.976508975,"upper_bound":2305335.3408446144},"point_estimate":1820714.3106758595,"standard_error":222317.93265762675},"slope":null,"std_dev":{"confidence_interval":{"confidence_level":0.95,"lower_bound":1594707.6709258421,"upper_bound":2157112.6159257703},"point_estimate":1880625.757085105,"standard_error":144061.42458102206}}