{"mean":{"confidence_interval":{"confidence_level":0.95,"lower_bound":69509634.3875,"upper_bound":71294065.3125},"point_estimate":70389525.86,"standard_error":454032.4564858278},"median":{"confidence_interval":{"confidence_level":0.95,"lower_bound":68933654.0,"upper_bound":71611821.0},"point_estimate":70312206.5,"standard_error":625895.5785277293},"median_abs_dev":{"confidence_interval":{"confidence_level":0.95,"lower_bound":3335454.086583853,"upper_bound":5632432.141104341},"point_estimate":4681354.636189342,"standard_error":586711.6335784069},"slope":null,"std_dev":{"confidence_interval":{"confidence_level":0.95,"lower_bound":3784131.3278921335,"upper_bound":5279893.3260507295},"point_estimate":4534950.125301187,"standard_error":384012.2984674822}}