{"mean":{"confidence_interval":{"confidence_level":0.95,"lower_bound":243727712.23125,"upper_bound":335438293.42225003},"point_estimate":288778012.77,"standard_error":23335493.383766286},"median":{"confidence_interval":{"confidence_level":0.95,"lower_bound":189331716.0,"upper_bound":276220987.5},"point_estimate":230962977.0,"standard_error":23102141.686948847},"median_abs_dev":{"confidence_interval":{"confidence_level":0.95,"lower_bound":168152646.85679376,"upper_bound":297749096.05939686},"point_estimate":223559304.11852896,"standard_error":32705561.241876263},"slope":null,"std_dev":{"confidence_interval":{"confidence_level":0.95,"lower_bound":202577228.08337495,"upper_bound":259759435.39862943},"point_estimate":233800795.1485014,"standard_error":14601079.064371347}}