{"mean":{"confidence_interval":{"confidence_level":0.95,"lower_bound":268434507.94275,"upper_bound":368482659.43799996},"point_estimate":317133198.87,"standard_error":25583083.344279017},"median":{"confidence_interval":{"confidence_level":0.95,"lower_bound":192880444.0,"upper_bound":314021428.0},"point_estimate":258305230.5,"standard_error":27353052.588335916},"median_abs_dev":{"confidence_interval":{"confidence_level":0.95,"lower_bound":185721251.20478868,"upper_bound":296418268.3624238},"point_estimate":234771791.8501675,"standard_error":29385535.610144794},"slope":null,"std_dev":{"confidence_interval":{"confidence_level":0.95,"lower_bound":217787672.6923113,"upper_bound":291501707.7764882},"point_estimate":258260636.46089548,"standard_error":18830159.176062606}}