{"mean":{"confidence_interval":{"confidence_level":0.95,"lower_bound":280736898.45725,"upper_bound":383647620.16925},"point_estimate":330960582.33,"standard_error":26298169.73320362},"median":{"confidence_interval":{"confidence_level":0.95,"lower_bound":207781702.5,"upper_bound":363355668.5},"point_estimate":263815783.5,"standard_error":42299541.17251141},"median_abs_dev":{"confidence_interval":{"confidence_level":0.95,"lower_bound":206780544.5283115,"upper_bound":321998456.00958467},"point_estimate":265008134.38176513,"standard_error":28481619.861838304},"slope":null,"std_dev":{"confidence_interval":{"confidence_level":0.95,"lower_bound":223612986.53699818,"upper_bound":299462365.596933},"point_estimate":264443450.81523398,"standard_error":19386002.824014317}}