{"mean":{"confidence_interval":{"confidence_level":0.95,"lower_bound":77903.25542760006,"upper_bound":79703.79289709462},"point_estimate":78803.42394893452,"standard_error":459.78089196304245},"median":{"confidence_interval":{"confidence_level":0.95,"lower_bound":77879.30157342658,"upper_bound":79945.58744486072},"point_estimate":78796.01032239819,"standard_error":459.5569369975277},"median_abs_dev":{"confidence_interval":{"confidence_level":0.95,"lower_bound":3234.5160262267364,"upper_bound":5651.3647303260905},"point_estimate":3956.6245496972165,"standard_error":654.8881693261044},"slope":{"confidence_interval":{"confidence_level":0.95,"lower_bound":79722.1165998102,"upper_bound":81479.55235854571},"point_estimate":80595.12433438293,"standard_error":448.58035847629213},"std_dev":{"confidence_interval":{"confidence_level":0.95,"lower_bound":3937.991045324841,"upper_bound":5241.965513409656},"point_estimate":4624.801039662113,"standard_error":333.99867520893326}}