{"mean":{"confidence_interval":{"confidence_level":0.95,"lower_bound":7024.055578466652,"upper_bound":7101.1939828822815},"point_estimate":7063.14240813702,"standard_error":19.671224903270975},"median":{"confidence_interval":{"confidence_level":0.95,"lower_bound":7005.00878010878,"upper_bound":7092.150458916084},"point_estimate":7044.45663997838,"standard_error":22.63455447706415},"median_abs_dev":{"confidence_interval":{"confidence_level":0.95,"lower_bound":132.90596929215315,"upper_bound":231.62136904047514},"point_estimate":167.99149133481654,"standard_error":25.58914818258065},"slope":{"confidence_interval":{"confidence_level":0.95,"lower_bound":7005.344787451146,"upper_bound":7070.639540235275},"point_estimate":7036.721074630999,"standard_error":16.694149585543908},"std_dev":{"confidence_interval":{"confidence_level":0.95,"lower_bound":164.8275485171739,"upper_bound":228.37358161667373},"point_estimate":197.56442390738644,"standard_error":16.286122347674493}}