{"mean":{"confidence_interval":{"confidence_level":0.95,"lower_bound":6535.218377047971,"upper_bound":6540.098413435873},"point_estimate":6537.192894172309,"standard_error":1.2728544175971475},"median":{"confidence_interval":{"confidence_level":0.95,"lower_bound":6534.699870414674,"upper_bound":6536.361842105263},"point_estimate":6535.589992244597,"standard_error":0.3735974292612423},"median_abs_dev":{"confidence_interval":{"confidence_level":0.95,"lower_bound":3.242069054893891,"upper_bound":5.697156996119244},"point_estimate":4.5409580467890835,"standard_error":0.6312494813232662},"slope":{"confidence_interval":{"confidence_level":0.95,"lower_bound":6535.305877326049,"upper_bound":6539.933844340622},"point_estimate":6537.19947553141,"standard_error":1.2077246645810333},"std_dev":{"confidence_interval":{"confidence_level":0.95,"lower_bound":4.625356177917265,"upper_bound":20.65466628168628},"point_estimate":12.770413287559489,"standard_error":5.2127619436042245}}