{"mean":{"confidence_interval":{"confidence_level":0.95,"lower_bound":544204632.3405,"upper_bound":553770998.88925},"point_estimate":549082871.93,"standard_error":2441609.2273524418},"median":{"confidence_interval":{"confidence_level":0.95,"lower_bound":549993974.0,"upper_bound":559170556.0},"point_estimate":554248832.0,"standard_error":2096607.5863786775},"median_abs_dev":{"confidence_interval":{"confidence_level":0.95,"lower_bound":12536666.709029675,"upper_bound":22606213.67315948},"point_estimate":15167186.020928621,"standard_error":2757561.12629308},"slope":null,"std_dev":{"confidence_interval":{"confidence_level":0.95,"lower_bound":20488567.265510827,"upper_bound":28027175.44272469},"point_estimate":24563795.208283465,"standard_error":1926419.4032537367}}