{"mean":{"confidence_interval":{"confidence_level":0.95,"lower_bound":481881931.39025,"upper_bound":498347541.811},"point_estimate":490125717.42,"standard_error":4210513.50455702},"median":{"confidence_interval":{"confidence_level":0.95,"lower_bound":488690166.5,"upper_bound":510474945.1874991},"point_estimate":497743137.0,"standard_error":6475846.355231157},"median_abs_dev":{"confidence_interval":{"confidence_level":0.95,"lower_bound":31932881.885335542,"upper_bound":59688256.243121624},"point_estimate":50305433.27820003,"standard_error":7780251.861462308},"slope":null,"std_dev":{"confidence_interval":{"confidence_level":0.95,"lower_bound":38002486.42917754,"upper_bound":45918068.13743398},"point_estimate":42323982.83272946,"standard_error":2010224.2472482766}}