{"mean":{"confidence_interval":{"confidence_level":0.95,"lower_bound":433004876.24825,"upper_bound":439893257.66475004},"point_estimate":436379690.35,"standard_error":1753974.5083348393},"median":{"confidence_interval":{"confidence_level":0.95,"lower_bound":430074964.5,"upper_bound":438828752.0},"point_estimate":435020619.5,"standard_error":2144167.099559453},"median_abs_dev":{"confidence_interval":{"confidence_level":0.95,"lower_bound":12891736.80062592,"upper_bound":19975082.047471404},"point_estimate":16461338.64235282,"standard_error":1734353.306361414},"slope":null,"std_dev":{"confidence_interval":{"confidence_level":0.95,"lower_bound":14701054.263447296,"upper_bound":20146522.162822157},"point_estimate":17530522.919332378,"standard_error":1394816.5893541544}}