{"mean":{"confidence_interval":{"confidence_level":0.95,"lower_bound":453067260.20425,"upper_bound":460355060.59674996},"point_estimate":456681863.69,"standard_error":1853471.1984736098},"median":{"confidence_interval":{"confidence_level":0.95,"lower_bound":452490949.0,"upper_bound":463505451.0},"point_estimate":458246430.5,"standard_error":2835542.0368713834},"median_abs_dev":{"confidence_interval":{"confidence_level":0.95,"lower_bound":14917766.003456712,"upper_bound":24068440.25837726},"point_estimate":18133344.469168782,"standard_error":2526458.604891063},"slope":null,"std_dev":{"confidence_interval":{"confidence_level":0.95,"lower_bound":16343594.078094853,"upper_bound":20938786.022761513},"point_estimate":18749563.84379801,"standard_error":1180505.351512173}}