{"mean":{"confidence_interval":{"confidence_level":0.95,"lower_bound":38954742.357,"upper_bound":39617842.551},"point_estimate":39273412.36,"standard_error":168583.7210562802},"median":{"confidence_interval":{"confidence_level":0.95,"lower_bound":38600224.0,"upper_bound":39421691.25},"point_estimate":38880763.0,"standard_error":232868.83639755927},"median_abs_dev":{"confidence_interval":{"confidence_level":0.95,"lower_bound":1003717.2169804573,"upper_bound":1738353.6582380533},"point_estimate":1237440.5778810382,"standard_error":182942.69870387416},"slope":null,"std_dev":{"confidence_interval":{"confidence_level":0.95,"lower_bound":1308141.5916649478,"upper_bound":2102973.2285137633},"point_estimate":1692403.2044363646,"standard_error":206964.48283671602}}