{"mean":{"confidence_interval":{"confidence_level":0.95,"lower_bound":39928706.440000005,"upper_bound":40458181.57725},"point_estimate":40199676.95,"standard_error":135230.99787024388},"median":{"confidence_interval":{"confidence_level":0.95,"lower_bound":40215466.75,"upper_bound":40859295.25},"point_estimate":40542074.5,"standard_error":169323.51959523393},"median_abs_dev":{"confidence_interval":{"confidence_level":0.95,"lower_bound":1044679.6010032296,"upper_bound":1871038.5722324252},"point_estimate":1437624.562177062,"standard_error":212296.5180660449},"slope":null,"std_dev":{"confidence_interval":{"confidence_level":0.95,"lower_bound":1184339.874092463,"upper_bound":1504324.0423599863},"point_estimate":1357197.3559359238,"standard_error":81203.74350754014}}