{"mean":{"confidence_interval":{"confidence_level":0.95,"lower_bound":41067065.170875,"upper_bound":41128260.958375},"point_estimate":41099190.825,"standard_error":15594.540050743011},"median":{"confidence_interval":{"confidence_level":0.95,"lower_bound":41112021.5,"upper_bound":41160026.5},"point_estimate":41132911.5,"standard_error":12409.181112643735},"median_abs_dev":{"confidence_interval":{"confidence_level":0.95,"lower_bound":68407.90408551693,"upper_bound":128067.72702634335},"point_estimate":106792.04675406218,"standard_error":15965.055421063063},"slope":null,"std_dev":{"confidence_interval":{"confidence_level":0.95,"lower_bound":111989.84424332702,"upper_bound":196259.06279614157},"point_estimate":157416.4900447118,"standard_error":21622.913468087547}}