{"mean":{"confidence_interval":{"confidence_level":0.95,"lower_bound":36461347.714,"upper_bound":37171595.74225},"point_estimate":36803940.695,"standard_error":181009.03572952698},"median":{"confidence_interval":{"confidence_level":0.95,"lower_bound":36128772.0,"upper_bound":36960231.0},"point_estimate":36381938.5,"standard_error":204802.48145819717},"median_abs_dev":{"confidence_interval":{"confidence_level":0.95,"lower_bound":1183349.0297913551,"upper_bound":2122871.345102748},"point_estimate":1567191.5684267879,"standard_error":240092.86357453646},"slope":null,"std_dev":{"confidence_interval":{"confidence_level":0.95,"lower_bound":1428283.1925964614,"upper_bound":2241772.260807984},"point_estimate":1812980.0417741714,"standard_error":213638.35387926872}}