{"mean":{"confidence_interval":{"confidence_level":0.95,"lower_bound":35849519.71775,"upper_bound":36712889.777625},"point_estimate":36278515.765,"standard_error":220376.05110058465},"median":{"confidence_interval":{"confidence_level":0.95,"lower_bound":35733871.5,"upper_bound":36808384.0},"point_estimate":36356722.0,"standard_error":267958.6710156165},"median_abs_dev":{"confidence_interval":{"confidence_level":0.95,"lower_bound":1450131.4049050212,"upper_bound":2652057.412366569},"point_estimate":1815869.5446118712,"standard_error":310148.8484579785},"slope":null,"std_dev":{"confidence_interval":{"confidence_level":0.95,"lower_bound":1883799.639629593,"upper_bound":2492784.3126327926},"point_estimate":2203175.12776935,"standard_error":155553.19612119775}}