{"mean":{"confidence_interval":{"confidence_level":0.95,"lower_bound":12743.650349252086,"upper_bound":12762.910511374786},"point_estimate":12753.226731167675,"standard_error":4.911426369014975},"median":{"confidence_interval":{"confidence_level":0.95,"lower_bound":12734.26685660019,"upper_bound":12769.25777000777},"point_estimate":12745.20205171083,"standard_error":9.058904290720847},"median_abs_dev":{"confidence_interval":{"confidence_level":0.95,"lower_bound":44.92568795532432,"upper_bound":66.52243996846416},"point_estimate":56.1002106083509,"standard_error":5.157796789400986},"slope":{"confidence_interval":{"confidence_level":0.95,"lower_bound":12759.572357761364,"upper_bound":12787.203330159977},"point_estimate":12773.904653237998,"standard_error":7.079962968015723},"std_dev":{"confidence_interval":{"confidence_level":0.95,"lower_bound":43.22355080561687,"upper_bound":54.68988363465413},"point_estimate":49.3290864637801,"standard_error":2.928502356475586}}