{"mean":{"confidence_interval":{"confidence_level":0.95,"lower_bound":60566.000407928375,"upper_bound":60614.073883784105},"point_estimate":60589.163190989035,"standard_error":12.214337933975507},"median":{"confidence_interval":{"confidence_level":0.95,"lower_bound":60543.17521902378,"upper_bound":60598.015276145714},"point_estimate":60577.80646390197,"standard_error":14.014482991757136},"median_abs_dev":{"confidence_interval":{"confidence_level":0.95,"lower_bound":77.2064375423466,"upper_bound":122.37666924448548},"point_estimate":99.99200668221498,"standard_error":11.204959000580144},"slope":{"confidence_interval":{"confidence_level":0.95,"lower_bound":60547.52435854263,"upper_bound":60583.45612152465},"point_estimate":60565.22824972401,"standard_error":9.119192310012611},"std_dev":{"confidence_interval":{"confidence_level":0.95,"lower_bound":94.50651592009774,"upper_bound":147.22273228557688},"point_estimate":122.35866358086336,"standard_error":13.523150989052603}}