{"mean":{"confidence_interval":{"confidence_level":0.95,"lower_bound":67649.0062259039,"upper_bound":69515.41588507598},"point_estimate":68558.58508932077,"standard_error":476.44410088531106},"median":{"confidence_interval":{"confidence_level":0.95,"lower_bound":66597.80742319024,"upper_bound":68864.10477941176},"point_estimate":67778.25488873105,"standard_error":543.3416788044885},"median_abs_dev":{"confidence_interval":{"confidence_level":0.95,"lower_bound":3094.4229883030434,"upper_bound":5485.079586371593},"point_estimate":4357.0698830752735,"standard_error":615.3606543567695},"slope":{"confidence_interval":{"confidence_level":0.95,"lower_bound":69167.52819940836,"upper_bound":71667.85708908454},"point_estimate":70410.16629654943,"standard_error":636.7188733594353},"std_dev":{"confidence_interval":{"confidence_level":0.95,"lower_bound":4003.5250776244525,"upper_bound":5480.018231777057},"point_estimate":4793.33419120038,"standard_error":377.579718322169}}