{"mean":{"confidence_interval":{"confidence_level":0.95,"lower_bound":67762.81816230538,"upper_bound":68118.85085489857},"point_estimate":67945.15454404597,"standard_error":90.63218615424569},"median":{"confidence_interval":{"confidence_level":0.95,"lower_bound":67856.12736021238,"upper_bound":68230.76886741814},"point_estimate":68058.68005050505,"standard_error":100.65024051002082},"median_abs_dev":{"confidence_interval":{"confidence_level":0.95,"lower_bound":648.8700990616494,"upper_bound":1109.91516157711},"point_estimate":877.2644766921118,"standard_error":111.5026168091174},"slope":{"confidence_interval":{"confidence_level":0.95,"lower_bound":67605.39456910796,"upper_bound":68049.96441012654},"point_estimate":67827.23452736318,"standard_error":113.79471198502925},"std_dev":{"confidence_interval":{"confidence_level":0.95,"lower_bound":771.2542923914529,"upper_bound":1028.2836138015439},"point_estimate":907.2136739660656,"standard_error":65.48388057154808}}