{"mean":{"confidence_interval":{"confidence_level":0.95,"lower_bound":217654.4381912845,"upper_bound":217886.51006530016},"point_estimate":217741.7229312823,"standard_error":62.85254301234159},"median":{"confidence_interval":{"confidence_level":0.95,"lower_bound":217637.81103411515,"upper_bound":217674.87474747474},"point_estimate":217657.4386987196,"standard_error":9.442056723809156},"median_abs_dev":{"confidence_interval":{"confidence_level":0.95,"lower_bound":58.80450395601054,"upper_bound":96.49213645363636},"point_estimate":76.03501485206367,"standard_error":9.814850969950642},"slope":{"confidence_interval":{"confidence_level":0.95,"lower_bound":217657.91875991263,"upper_bound":218214.31413463128},"point_estimate":217841.20870577803,"standard_error":162.83607107983224},"std_dev":{"confidence_interval":{"confidence_level":0.95,"lower_bound":88.27556476277195,"upper_bound":1057.1310629983755},"point_estimate":632.4792915281824,"standard_error":304.5185115781472}}