{"mean":{"confidence_interval":{"confidence_level":0.95,"lower_bound":47810.03396819561,"upper_bound":47827.057901269676},"point_estimate":47818.31346189511,"standard_error":4.3416409265736045},"median":{"confidence_interval":{"confidence_level":0.95,"lower_bound":47811.79618001047,"upper_bound":47827.0694980695},"point_estimate":47820.07806023763,"standard_error":4.0850570104443085},"median_abs_dev":{"confidence_interval":{"confidence_level":0.95,"lower_bound":26.939767769585778,"upper_bound":42.43306178410965},"point_estimate":34.17859109870524,"standard_error":3.9604421930735203},"slope":{"confidence_interval":{"confidence_level":0.95,"lower_bound":47812.68557867831,"upper_bound":47824.71241940385},"point_estimate":47818.65452722245,"standard_error":3.0594086142765287},"std_dev":{"confidence_interval":{"confidence_level":0.95,"lower_bound":32.73735251596013,"upper_bound":55.34124280778297},"point_estimate":43.73526661016602,"standard_error":5.907158956058615}}