{"mean":{"confidence_interval":{"confidence_level":0.95,"lower_bound":64454.19438006593,"upper_bound":65497.519410576984},"point_estimate":64934.10837225695,"standard_error":266.03205868447634},"median":{"confidence_interval":{"confidence_level":0.95,"lower_bound":64266.625,"upper_bound":65284.84169497283},"point_estimate":64709.9114010989,"standard_error":235.66272748684213},"median_abs_dev":{"confidence_interval":{"confidence_level":0.95,"lower_bound":1557.6008399505279,"upper_bound":2647.7835940080604},"point_estimate":2079.114890771763,"standard_error":287.7009809457719},"slope":{"confidence_interval":{"confidence_level":0.95,"lower_bound":63965.916492717275,"upper_bound":64878.8182013732},"point_estimate":64403.98640387173,"standard_error":230.50196781287767},"std_dev":{"confidence_interval":{"confidence_level":0.95,"lower_bound":1748.808206169393,"upper_bound":3737.8765638912737},"point_estimate":2677.7761442052947,"standard_error":568.6772299928626}}