{"mean":{"confidence_interval":{"confidence_level":0.95,"lower_bound":15115457.282375,"upper_bound":15387887.064000001},"point_estimate":15250360.06,"standard_error":69658.7499691485},"median":{"confidence_interval":{"confidence_level":0.95,"lower_bound":15018311.5,"upper_bound":15364522.125},"point_estimate":15177209.75,"standard_error":97253.23809263342},"median_abs_dev":{"confidence_interval":{"confidence_level":0.95,"lower_bound":528396.777369082,"upper_bound":817285.8207740254},"point_estimate":612280.2453048527,"standard_error":74667.684249996},"slope":null,"std_dev":{"confidence_interval":{"confidence_level":0.95,"lower_bound":597381.9801639298,"upper_bound":794547.2236548488},"point_estimate":701032.2463840881,"standard_error":50164.461295593086}}