{"mean":{"confidence_interval":{"confidence_level":0.95,"lower_bound":15118830.4496875,"upper_bound":15512372.018125},"point_estimate":15315085.845,"standard_error":100605.60290129636},"median":{"confidence_interval":{"confidence_level":0.95,"lower_bound":15079615.5,"upper_bound":15581368.125},"point_estimate":15352540.5,"standard_error":162732.18711462608},"median_abs_dev":{"confidence_interval":{"confidence_level":0.95,"lower_bound":760351.3965010643,"upper_bound":1323816.782850677},"point_estimate":1059746.8938857317,"standard_error":137298.60259219343},"slope":null,"std_dev":{"confidence_interval":{"confidence_level":0.95,"lower_bound":876579.901713128,"upper_bound":1136728.0310572255},"point_estimate":1012470.70427475,"standard_error":66565.15841897174}}