{"mean":{"confidence_interval":{"confidence_level":0.95,"lower_bound":16162336.855,"upper_bound":16622210.63075},"point_estimate":16390163.475,"standard_error":117043.61905288632},"median":{"confidence_interval":{"confidence_level":0.95,"lower_bound":16196607.5,"upper_bound":16639448.125},"point_estimate":16434409.25,"standard_error":110393.90747999756},"median_abs_dev":{"confidence_interval":{"confidence_level":0.95,"lower_bound":806298.8376103342,"upper_bound":1446434.1712206602},"point_estimate":1199338.685182482,"standard_error":167407.8698507174},"slope":null,"std_dev":{"confidence_interval":{"confidence_level":0.95,"lower_bound":1005258.097750987,"upper_bound":1338884.4958375841},"point_estimate":1175982.2101196863,"standard_error":85156.76735654412}}