{"mean":{"confidence_interval":{"confidence_level":0.95,"lower_bound":14314740.0165,"upper_bound":14346283.696250001},"point_estimate":14329750.65,"standard_error":8073.253207559371},"median":{"confidence_interval":{"confidence_level":0.95,"lower_bound":14295667.25,"upper_bound":14316705.0},"point_estimate":14304492.25,"standard_error":5807.437351640854},"median_abs_dev":{"confidence_interval":{"confidence_level":0.95,"lower_bound":29800.630120933056,"upper_bound":51226.42364054918},"point_estimate":36694.719998538494,"standard_error":5618.190564070731},"slope":null,"std_dev":{"confidence_interval":{"confidence_level":0.95,"lower_bound":61655.003948256934,"upper_bound":96466.0624324045},"point_estimate":80761.37050335105,"standard_error":8894.397014901884}}