{"mean":{"confidence_interval":{"confidence_level":0.95,"lower_bound":14445746.9151875,"upper_bound":14719687.1178125},"point_estimate":14579070.0,"standard_error":70071.9217911863},"median":{"confidence_interval":{"confidence_level":0.95,"lower_bound":14234460.25,"upper_bound":14580935.25},"point_estimate":14344010.25,"standard_error":74560.987084363},"median_abs_dev":{"confidence_interval":{"confidence_level":0.95,"lower_bound":461033.1796400249,"upper_bound":829385.5322829634},"point_estimate":598766.7171947658,"standard_error":98127.19123130261},"slope":null,"std_dev":{"confidence_interval":{"confidence_level":0.95,"lower_bound":588737.0990161141,"upper_bound":824285.4365066346},"point_estimate":705930.718181333,"standard_error":60310.222931922595}}