{"mean":{"confidence_interval":{"confidence_level":0.95,"lower_bound":13700464.1121875,"upper_bound":14060327.698},"point_estimate":13874863.3425,"standard_error":91675.53560849943},"median":{"confidence_interval":{"confidence_level":0.95,"lower_bound":13524779.5,"upper_bound":14055467.0},"point_estimate":13777734.875,"standard_error":151151.8206769017},"median_abs_dev":{"confidence_interval":{"confidence_level":0.95,"lower_bound":611392.8119249828,"upper_bound":973804.0019240229},"point_estimate":793543.8447117805,"standard_error":89451.7409391602},"slope":null,"std_dev":{"confidence_interval":{"confidence_level":0.95,"lower_bound":716347.5093121283,"upper_bound":1113654.9481333622},"point_estimate":918531.6626985953,"standard_error":102000.57970039661}}