{"mean":{"confidence_interval":{"confidence_level":0.95,"lower_bound":14121292.3489375,"upper_bound":14151996.316375},"point_estimate":14135662.1025,"standard_error":7811.205514850883},"median":{"confidence_interval":{"confidence_level":0.95,"lower_bound":14105953.0,"upper_bound":14128028.25},"point_estimate":14115578.125,"standard_error":6516.610629070901},"median_abs_dev":{"confidence_interval":{"confidence_level":0.95,"lower_bound":32543.069422245026,"upper_bound":65569.00775654231},"point_estimate":51224.385065585375,"standard_error":8481.593745188127},"slope":null,"std_dev":{"confidence_interval":{"confidence_level":0.95,"lower_bound":50791.78860146836,"upper_bound":105099.18358599383},"point_estimate":78189.32072797982,"standard_error":14210.301573181843}}