{"mean":{"confidence_interval":{"confidence_level":0.95,"lower_bound":1064.2025584023468,"upper_bound":1066.2633904573427},"point_estimate":1065.2924725769888,"standard_error":0.5273492958073243},"median":{"confidence_interval":{"confidence_level":0.95,"lower_bound":1066.5264458696665,"upper_bound":1067.4481185097673},"point_estimate":1067.0532946680369,"standard_error":0.22966383027784948},"median_abs_dev":{"confidence_interval":{"confidence_level":0.95,"lower_bound":0.9918921898766795,"upper_bound":2.1718661732057103},"point_estimate":1.48158997975725,"standard_error":0.3136035988243833},"slope":{"confidence_interval":{"confidence_level":0.95,"lower_bound":1062.828221379168,"upper_bound":1065.6565254297152},"point_estimate":1064.3291560337693,"standard_error":0.7230991988413912},"std_dev":{"confidence_interval":{"confidence_level":0.95,"lower_bound":3.5856348760542973,"upper_bound":6.645179777741523},"point_estimate":5.278421681683394,"standard_error":0.7793354268799763}}