{"mean":{"confidence_interval":{"confidence_level":0.95,"lower_bound":792.6651183410025,"upper_bound":810.4966094234956},"point_estimate":801.3167050779672,"standard_error":4.538333040277509},"median":{"confidence_interval":{"confidence_level":0.95,"lower_bound":775.5209414241672,"upper_bound":797.063915792844},"point_estimate":785.6832898950886,"standard_error":6.1337733483326575},"median_abs_dev":{"confidence_interval":{"confidence_level":0.95,"lower_bound":19.81853353979669,"upper_bound":42.398112510498294},"point_estimate":29.602636752557157,"standard_error":6.552981192386612},"slope":{"confidence_interval":{"confidence_level":0.95,"lower_bound":797.6257499230567,"upper_bound":820.4597781171011},"point_estimate":808.6063577085459,"standard_error":5.852595335851143},"std_dev":{"confidence_interval":{"confidence_level":0.95,"lower_bound":36.60722787968479,"upper_bound":53.220703467092356},"point_estimate":45.60335132817378,"standard_error":4.230963077460349}}