{"mean":{"confidence_interval":{"confidence_level":0.95,"lower_bound":8348313.582999999,"upper_bound":8512667.036666663},"point_estimate":8429817.691666666,"standard_error":41893.89919363999},"median":{"confidence_interval":{"confidence_level":0.95,"lower_bound":8277850.166666667,"upper_bound":8566536.0},"point_estimate":8429735.25,"standard_error":74863.1305024687},"median_abs_dev":{"confidence_interval":{"confidence_level":0.95,"lower_bound":379459.6024632461,"upper_bound":575126.2281894693},"point_estimate":494418.30407232,"standard_error":50411.098628103595},"slope":null,"std_dev":{"confidence_interval":{"confidence_level":0.95,"lower_bound":367044.24469086685,"upper_bound":472250.00369987777},"point_estimate":421244.44202578196,"standard_error":26743.877318529063}}