{"mean":{"confidence_interval":{"confidence_level":0.95,"lower_bound":9002910.98991667,"upper_bound":9238086.286083333},"point_estimate":9119615.655000001,"standard_error":59841.19151782112},"median":{"confidence_interval":{"confidence_level":0.95,"lower_bound":8974770.5,"upper_bound":9206589.833333332},"point_estimate":9109022.0,"standard_error":61802.94957622282},"median_abs_dev":{"confidence_interval":{"confidence_level":0.95,"lower_bound":528268.5324713602,"upper_bound":858176.240011826},"point_estimate":691826.2434676294,"standard_error":81176.2087641881},"slope":null,"std_dev":{"confidence_interval":{"confidence_level":0.95,"lower_bound":521248.3099563835,"upper_bound":683286.8239445272},"point_estimate":603082.2899964714,"standard_error":41475.25874376451}}