{"mean":{"confidence_interval":{"confidence_level":0.95,"lower_bound":7783326.926107141,"upper_bound":7796758.535892854},"point_estimate":7789751.891428571,"standard_error":3441.7092826393728},"median":{"confidence_interval":{"confidence_level":0.95,"lower_bound":7775465.571428572,"upper_bound":7789693.285714285},"point_estimate":7780985.142857143,"standard_error":4183.042993129346},"median_abs_dev":{"confidence_interval":{"confidence_level":0.95,"lower_bound":18762.0908669065,"upper_bound":31355.851018322053},"point_estimate":24548.043164185216,"standard_error":3242.096072571114},"slope":null,"std_dev":{"confidence_interval":{"confidence_level":0.95,"lower_bound":26124.312047481475,"upper_bound":42098.74921241349},"point_estimate":34421.88681325932,"standard_error":4091.2253196928923}}