{"mean":{"confidence_interval":{"confidence_level":0.95,"lower_bound":9596296.54104167,"upper_bound":9777587.025541667},"point_estimate":9685008.973333335,"standard_error":46489.3354074546},"median":{"confidence_interval":{"confidence_level":0.95,"lower_bound":9510317.5,"upper_bound":9698651.166666666},"point_estimate":9595734.333333332,"standard_error":54627.134779469176},"median_abs_dev":{"confidence_interval":{"confidence_level":0.95,"lower_bound":300820.1524093738,"upper_bound":514809.1192603111},"point_estimate":428410.3586941953,"standard_error":59118.98480985394},"slope":null,"std_dev":{"confidence_interval":{"confidence_level":0.95,"lower_bound":389111.8538165798,"upper_bound":538270.5681131511},"point_estimate":468349.4258054216,"standard_error":38128.87064244689}}