{"mean":{"confidence_interval":{"confidence_level":0.95,"lower_bound":7710177.450607145,"upper_bound":7785778.915857143},"point_estimate":7747520.90428571,"standard_error":19337.271235170454},"median":{"confidence_interval":{"confidence_level":0.95,"lower_bound":7693657.857142857,"upper_bound":7764755.142857144},"point_estimate":7714902.071428571,"standard_error":21221.17420283731},"median_abs_dev":{"confidence_interval":{"confidence_level":0.95,"lower_bound":138800.79773579346,"upper_bound":240375.31043248388},"point_estimate":175857.21917790946,"standard_error":24660.809561964816},"slope":null,"std_dev":{"confidence_interval":{"confidence_level":0.95,"lower_bound":164282.45868109487,"upper_bound":221328.03418839033},"point_estimate":193739.4374121276,"standard_error":14538.426493097559}}