{"mean":{"confidence_interval":{"confidence_level":0.95,"lower_bound":476235109.39975005,"upper_bound":489091876.167},"point_estimate":482493467.92,"standard_error":3279059.2768144454},"median":{"confidence_interval":{"confidence_level":0.95,"lower_bound":468483304.0,"upper_bound":483929997.5},"point_estimate":478057697.5,"standard_error":3702140.3963116454},"median_abs_dev":{"confidence_interval":{"confidence_level":0.95,"lower_bound":21446137.756454945,"upper_bound":34707252.479723096},"point_estimate":26811481.736201048,"standard_error":3238266.6440386306},"slope":null,"std_dev":{"confidence_interval":{"confidence_level":0.95,"lower_bound":27248614.54609363,"upper_bound":37605924.810909554},"point_estimate":32813509.40128626,"standard_error":2665560.004205598}}