{"mean":{"confidence_interval":{"confidence_level":0.95,"lower_bound":446626305.31725,"upper_bound":450441699.78975004},"point_estimate":448493665.74,"standard_error":974686.7064128591},"median":{"confidence_interval":{"confidence_level":0.95,"lower_bound":444786618.0,"upper_bound":449440355.0},"point_estimate":447576926.0,"standard_error":1153854.1661861213},"median_abs_dev":{"confidence_interval":{"confidence_level":0.95,"lower_bound":7730483.0854564905,"upper_bound":12091874.856126308},"point_estimate":10300391.486531496,"standard_error":1113827.395712776},"slope":null,"std_dev":{"confidence_interval":{"confidence_level":0.95,"lower_bound":8233813.64196162,"upper_bound":11221999.746773288},"point_estimate":9799765.883364074,"standard_error":768161.8197737355}}