{"mean":{"confidence_interval":{"confidence_level":0.95,"lower_bound":362584752.3305,"upper_bound":367517984.81075},"point_estimate":364969825.39,"standard_error":1262695.854411234},"median":{"confidence_interval":{"confidence_level":0.95,"lower_bound":360467856.0,"upper_bound":366328503.0},"point_estimate":364008034.0,"standard_error":1361739.1134535656},"median_abs_dev":{"confidence_interval":{"confidence_level":0.95,"lower_bound":9590392.89163649,"upper_bound":14269961.699092535},"point_estimate":11626069.372496009,"standard_error":1216545.3535209135},"slope":null,"std_dev":{"confidence_interval":{"confidence_level":0.95,"lower_bound":10359026.80019434,"upper_bound":14933360.365690999},"point_estimate":12718499.221013932,"standard_error":1171259.442359734}}