{"mean":{"confidence_interval":{"confidence_level":0.95,"lower_bound":431452460.1555,"upper_bound":438099430.07775},"point_estimate":434693377.62,"standard_error":1699443.9908040082},"median":{"confidence_interval":{"confidence_level":0.95,"lower_bound":427384876.0,"upper_bound":434768193.0},"point_estimate":429951241.5,"standard_error":1468876.028529558},"median_abs_dev":{"confidence_interval":{"confidence_level":0.95,"lower_bound":10001808.453932405,"upper_bound":16744664.979922771},"point_estimate":12456135.584959388,"standard_error":1666192.0698757314},"slope":null,"std_dev":{"confidence_interval":{"confidence_level":0.95,"lower_bound":14218204.81520173,"upper_bound":19512764.967990894},"point_estimate":17019943.65089697,"standard_error":1349751.4000868055}}