{"mean":{"confidence_interval":{"confidence_level":0.95,"lower_bound":483419199.82475,"upper_bound":495792542.9525},"point_estimate":489415654.38,"standard_error":3149691.4862176394},"median":{"confidence_interval":{"confidence_level":0.95,"lower_bound":476841344.5,"upper_bound":489638908.0},"point_estimate":485055398.5,"standard_error":3401433.54105241},"median_abs_dev":{"confidence_interval":{"confidence_level":0.95,"lower_bound":21127504.78311181,"upper_bound":36526806.65591955},"point_estimate":29744128.235936165,"standard_error":3745487.639885906},"slope":null,"std_dev":{"confidence_interval":{"confidence_level":0.95,"lower_bound":25470827.41651227,"upper_bound":37522376.26046834},"point_estimate":31739057.508200984,"standard_error":3086908.8197096526}}