{"mean":{"confidence_interval":{"confidence_level":0.95,"lower_bound":478544295.647,"upper_bound":482576803.5075},"point_estimate":480518491.82,"standard_error":1035702.9080342969},"median":{"confidence_interval":{"confidence_level":0.95,"lower_bound":477178745.0,"upper_bound":481833972.0},"point_estimate":479377929.0,"standard_error":1145065.320686384},"median_abs_dev":{"confidence_interval":{"confidence_level":0.95,"lower_bound":6700398.569244146,"upper_bound":11460694.241032004},"point_estimate":9427500.373828411,"standard_error":1203298.0746665653},"slope":null,"std_dev":{"confidence_interval":{"confidence_level":0.95,"lower_bound":8636337.168588923,"upper_bound":12056958.78355731},"point_estimate":10409832.693130571,"standard_error":876664.3350669215}}