{"mean":{"confidence_interval":{"confidence_level":0.95,"lower_bound":542195187.2665,"upper_bound":549211993.19475},"point_estimate":545673805.16,"standard_error":1785557.8400697291},"median":{"confidence_interval":{"confidence_level":0.95,"lower_bound":540172865.0,"upper_bound":547236616.5},"point_estimate":544426214.5,"standard_error":1784182.86948009},"median_abs_dev":{"confidence_interval":{"confidence_level":0.95,"lower_bound":13681677.927401662,"upper_bound":21920968.567425013},"point_estimate":17623571.742019057,"standard_error":2109265.9183099866},"slope":null,"std_dev":{"confidence_interval":{"confidence_level":0.95,"lower_bound":15494191.70263529,"upper_bound":20000311.989598814},"point_estimate":17888459.65116066,"standard_error":1151328.0532330053}}