{"mean":{"confidence_interval":{"confidence_level":0.95,"lower_bound":583560551.2065,"upper_bound":589413154.236},"point_estimate":586444132.88,"standard_error":1493142.416514223},"median":{"confidence_interval":{"confidence_level":0.95,"lower_bound":581153288.5,"upper_bound":588882550.0},"point_estimate":584838114.0,"standard_error":1952783.3220335727},"median_abs_dev":{"confidence_interval":{"confidence_level":0.95,"lower_bound":11638904.981768131,"upper_bound":17659515.154480934},"point_estimate":15051756.717377901,"standard_error":1518320.9355928202},"slope":null,"std_dev":{"confidence_interval":{"confidence_level":0.95,"lower_bound":12495518.233208802,"upper_bound":17353648.619182058},"point_estimate":15022901.466670454,"standard_error":1244373.052841115}}