{"mean":{"confidence_interval":{"confidence_level":0.95,"lower_bound":265371043.36475,"upper_bound":269480281.96925},"point_estimate":267389537.78,"standard_error":1045627.4867701697},"median":{"confidence_interval":{"confidence_level":0.95,"lower_bound":264440711.0,"upper_bound":268547715.0},"point_estimate":266311234.5,"standard_error":992816.1850119242},"median_abs_dev":{"confidence_interval":{"confidence_level":0.95,"lower_bound":7662021.807771921,"upper_bound":12438926.305764914},"point_estimate":10482657.138195634,"standard_error":1205214.0874179346},"slope":null,"std_dev":{"confidence_interval":{"confidence_level":0.95,"lower_bound":8795164.986369874,"upper_bound":12177268.858170195},"point_estimate":10523290.584441148,"standard_error":861617.2355375305}}