{"mean":{"confidence_interval":{"confidence_level":0.95,"lower_bound":26575171.141625,"upper_bound":26996409.498},"point_estimate":26782992.0,"standard_error":107358.67020697091},"median":{"confidence_interval":{"confidence_level":0.95,"lower_bound":26449328.25,"upper_bound":27013122.0},"point_estimate":26753350.0,"standard_error":166415.75377488267},"median_abs_dev":{"confidence_interval":{"confidence_level":0.95,"lower_bound":782555.1843568683,"upper_bound":1246565.239419043},"point_estimate":1040315.9386307001,"standard_error":121502.63650667355},"slope":null,"std_dev":{"confidence_interval":{"confidence_level":0.95,"lower_bound":871159.4132708728,"upper_bound":1282943.2533710883},"point_estimate":1075140.2799298665,"standard_error":105829.84608949552}}