{"mean":{"confidence_interval":{"confidence_level":0.95,"lower_bound":25419759.79024999,"upper_bound":26140081.043916665},"point_estimate":25772624.09,"standard_error":184196.12243773963},"median":{"confidence_interval":{"confidence_level":0.95,"lower_bound":24740951.666666668,"upper_bound":26043652.666666668},"point_estimate":25522575.333333336,"standard_error":311443.4460767691},"median_abs_dev":{"confidence_interval":{"confidence_level":0.95,"lower_bound":1413832.2858219605,"upper_bound":2265554.595178362},"point_estimate":1859870.0230807057,"standard_error":221474.43365435154},"slope":null,"std_dev":{"confidence_interval":{"confidence_level":0.95,"lower_bound":1572024.4746853788,"upper_bound":2092268.9500459048},"point_estimate":1848417.8174355666,"standard_error":132724.9446960909}}