{"mean":{"confidence_interval":{"confidence_level":0.95,"lower_bound":26842613.709625,"upper_bound":27398773.212500002},"point_estimate":27114947.41,"standard_error":141663.77311850432},"median":{"confidence_interval":{"confidence_level":0.95,"lower_bound":26622903.5,"upper_bound":27185187.0},"point_estimate":26969262.0,"standard_error":129695.9896766271},"median_abs_dev":{"confidence_interval":{"confidence_level":0.95,"lower_bound":1041652.8731569648,"upper_bound":1670650.3597900271},"point_estimate":1295918.7686428428,"standard_error":160433.50512937483},"slope":null,"std_dev":{"confidence_interval":{"confidence_level":0.95,"lower_bound":1186396.2777579695,"upper_bound":1634081.3468764105},"point_estimate":1422654.4948178567,"standard_error":114436.3030049351}}