{"mean":{"confidence_interval":{"confidence_level":0.95,"lower_bound":26796565.2485,"upper_bound":27062765.0995},"point_estimate":26931487.515,"standard_error":67896.35624792242},"median":{"confidence_interval":{"confidence_level":0.95,"lower_bound":26850253.75,"upper_bound":27139751.5},"point_estimate":26976377.5,"standard_error":76112.61737875846},"median_abs_dev":{"confidence_interval":{"confidence_level":0.95,"lower_bound":478838.4732901678,"upper_bound":814459.6238404512},"point_estimate":653080.4699555039,"standard_error":85969.78594010929},"slope":null,"std_dev":{"confidence_interval":{"confidence_level":0.95,"lower_bound":574038.9608429351,"upper_bound":783964.5105402588},"point_estimate":683558.721225615,"standard_error":53865.66683737057}}