{"mean":{"confidence_interval":{"confidence_level":0.95,"lower_bound":24492609.38883333,"upper_bound":24500003.31875},"point_estimate":24496028.006666664,"standard_error":1906.4039018083463},"median":{"confidence_interval":{"confidence_level":0.95,"lower_bound":24490005.666666668,"upper_bound":24496517.666666668},"point_estimate":24493722.333333336,"standard_error":1769.2646722712789},"median_abs_dev":{"confidence_interval":{"confidence_level":0.95,"lower_bound":8154.546955229693,"upper_bound":14399.424836855456},"point_estimate":10773.55980873292,"standard_error":1686.2362494670067},"slope":null,"std_dev":{"confidence_interval":{"confidence_level":0.95,"lower_bound":11073.99696581931,"upper_bound":26347.208918985933},"point_estimate":19116.139275056303,"standard_error":3929.436045380032}}