{"mean":{"confidence_interval":{"confidence_level":0.95,"lower_bound":68560.92367356212,"upper_bound":68848.79506906627},"point_estimate":68708.11785295852,"standard_error":73.66214734430184},"median":{"confidence_interval":{"confidence_level":0.95,"lower_bound":68790.95555555556,"upper_bound":69103.6358974359},"point_estimate":68949.23302595629,"standard_error":73.17985454957689},"median_abs_dev":{"confidence_interval":{"confidence_level":0.95,"lower_bound":421.02206972762883,"upper_bound":784.0397248368569},"point_estimate":590.4087068462991,"standard_error":87.7178280886174},"slope":{"confidence_interval":{"confidence_level":0.95,"lower_bound":68750.3540681071,"upper_bound":68998.07639410235},"point_estimate":68881.0665848973,"standard_error":63.494219055444546},"std_dev":{"confidence_interval":{"confidence_level":0.95,"lower_bound":628.5907246097507,"upper_bound":838.7495418935978},"point_estimate":743.7949705133638,"standard_error":53.57094554168691}}