{"mean":{"confidence_interval":{"confidence_level":0.95,"lower_bound":811896.9133061959,"upper_bound":819133.1034400784},"point_estimate":815632.0188642049,"standard_error":1845.6026313535672},"median":{"confidence_interval":{"confidence_level":0.95,"lower_bound":816243.4084578804,"upper_bound":822769.065},"point_estimate":820042.0325854701,"standard_error":1766.2606823975536},"median_abs_dev":{"confidence_interval":{"confidence_level":0.95,"lower_bound":12422.754999126539,"upper_bound":19809.514234748054},"point_estimate":15400.85377107646,"standard_error":1932.5982901535685},"slope":{"confidence_interval":{"confidence_level":0.95,"lower_bound":818663.4826344984,"upper_bound":824433.6832135788},"point_estimate":821627.8068967046,"standard_error":1477.9491734041244},"std_dev":{"confidence_interval":{"confidence_level":0.95,"lower_bound":14373.920224789672,"upper_bound":22393.52495363433},"point_estimate":18440.022745377843,"standard_error":2063.40689101211}}