{"mean":{"confidence_interval":{"confidence_level":0.95,"lower_bound":700073.636659675,"upper_bound":701066.5960716457},"point_estimate":700446.3916440947,"standard_error":273.5898396223711},"median":{"confidence_interval":{"confidence_level":0.95,"lower_bound":699881.0882352941,"upper_bound":700114.6724137932},"point_estimate":700011.5709876544,"standard_error":53.00342842728979},"median_abs_dev":{"confidence_interval":{"confidence_level":0.95,"lower_bound":337.2041729607881,"upper_bound":603.9552672362246},"point_estimate":449.6686589962613,"standard_error":67.133564325271},"slope":{"confidence_interval":{"confidence_level":0.95,"lower_bound":699911.2869968371,"upper_bound":700183.4412836093},"point_estimate":700030.4963558445,"standard_error":69.71623105771226},"std_dev":{"confidence_interval":{"confidence_level":0.95,"lower_bound":542.9795961884104,"upper_bound":4644.864347093589},"point_estimate":2766.734132881617,"standard_error":1381.4692021644137}}