{"mean":{"confidence_interval":{"confidence_level":0.95,"lower_bound":2809205.983125,"upper_bound":2862748.70923611},"point_estimate":2835201.549999999,"standard_error":13676.845722455404},"median":{"confidence_interval":{"confidence_level":0.95,"lower_bound":2798848.666666667,"upper_bound":2834395.944444444},"point_estimate":2810837.583333333,"standard_error":8993.31259937622},"median_abs_dev":{"confidence_interval":{"confidence_level":0.95,"lower_bound":57636.15634342027,"upper_bound":107938.24273454613},"point_estimate":78899.11096592713,"standard_error":12568.290244839296},"slope":null,"std_dev":{"confidence_interval":{"confidence_level":0.95,"lower_bound":106545.50265237803,"upper_bound":165832.04638417464},"point_estimate":137399.19437767263,"standard_error":15174.381434304754}}