{"mean":{"confidence_interval":{"confidence_level":0.95,"lower_bound":2777638.907430555,"upper_bound":2781390.9121249984},"point_estimate":2779619.868333333,"standard_error":960.916381551403},"median":{"confidence_interval":{"confidence_level":0.95,"lower_bound":2780486.5555555555,"upper_bound":2783631.75},"point_estimate":2782083.9444444445,"standard_error":723.6280838928398},"median_abs_dev":{"confidence_interval":{"confidence_level":0.95,"lower_bound":4485.935687025081,"upper_bound":7421.813101569888},"point_estimate":5733.873031536815,"standard_error":710.6130070753976},"slope":null,"std_dev":{"confidence_interval":{"confidence_level":0.95,"lower_bound":6759.140747742669,"upper_bound":12664.163335983048},"point_estimate":9622.570992688568,"standard_error":1576.8748295723053}}