{"mean":{"confidence_interval":{"confidence_level":0.95,"lower_bound":2726327.458855263,"upper_bound":2795015.5362368426},"point_estimate":2759799.104210526,"standard_error":17510.903610294234},"median":{"confidence_interval":{"confidence_level":0.95,"lower_bound":2703444.3684210526,"upper_bound":2769586.947368421},"point_estimate":2740902.5,"standard_error":16609.759370954886},"median_abs_dev":{"confidence_interval":{"confidence_level":0.95,"lower_bound":101956.76152674729,"upper_bound":185334.00935703187},"point_estimate":137293.55650465726,"standard_error":20565.526489722302},"slope":null,"std_dev":{"confidence_interval":{"confidence_level":0.95,"lower_bound":143860.01751905447,"upper_bound":206757.94180024636},"point_estimate":176498.80620135757,"standard_error":16071.810063762783}}