{"mean":{"confidence_interval":{"confidence_level":0.95,"lower_bound":696188617.6145,"upper_bound":696625696.77},"point_estimate":696403530.32,"standard_error":111345.48018333575},"median":{"confidence_interval":{"confidence_level":0.95,"lower_bound":696103523.0,"upper_bound":696705444.0},"point_estimate":696424047.0,"standard_error":138293.98345711103},"median_abs_dev":{"confidence_interval":{"confidence_level":0.95,"lower_bound":775736.336427927,"upper_bound":1243566.3103222847},"point_estimate":983023.0865478516,"standard_error":120011.04721644473},"slope":null,"std_dev":{"confidence_interval":{"confidence_level":0.95,"lower_bound":903228.5560950979,"upper_bound":1333319.3249091846},"point_estimate":1118672.8752683103,"standard_error":110700.40069550522}}