{"mean":{"confidence_interval":{"confidence_level":0.95,"lower_bound":697754756.2459999,"upper_bound":705821807.846},"point_estimate":701763707.29,"standard_error":2061269.7181505384},"median":{"confidence_interval":{"confidence_level":0.95,"lower_bound":696484752.0,"upper_bound":707094826.0},"point_estimate":699862433.5,"standard_error":2927659.7247860874},"median_abs_dev":{"confidence_interval":{"confidence_level":0.95,"lower_bound":15581622.380670905,"upper_bound":26797346.850441977},"point_estimate":22266714.587786794,"standard_error":2848912.062985058},"slope":null,"std_dev":{"confidence_interval":{"confidence_level":0.95,"lower_bound":17728822.401633475,"upper_bound":23401236.982738834},"point_estimate":20697135.48013875,"standard_error":1452915.7642911118}}