{"mean":{"confidence_interval":{"confidence_level":0.95,"lower_bound":620617407.65025,"upper_bound":627306969.554},"point_estimate":623922062.88,"standard_error":1706473.0802018414},"median":{"confidence_interval":{"confidence_level":0.95,"lower_bound":619676312.0,"upper_bound":626052116.0},"point_estimate":622643196.5,"standard_error":1297441.022097091},"median_abs_dev":{"confidence_interval":{"confidence_level":0.95,"lower_bound":9089464.614629745,"upper_bound":17563251.420789957},"point_estimate":13272085.963073373,"standard_error":2199216.1802122584},"slope":null,"std_dev":{"confidence_interval":{"confidence_level":0.95,"lower_bound":14293116.418648794,"upper_bound":19634168.518553454},"point_estimate":17130213.13063535,"standard_error":1362204.3978118373}}