{"mean":{"confidence_interval":{"confidence_level":0.95,"lower_bound":577915649.1702499,"upper_bound":598684882.653},"point_estimate":588046095.36,"standard_error":5294454.588793109},"median":{"confidence_interval":{"confidence_level":0.95,"lower_bound":562897126.0,"upper_bound":591607088.0},"point_estimate":578714204.0,"standard_error":6881584.111650502},"median_abs_dev":{"confidence_interval":{"confidence_level":0.95,"lower_bound":37688173.91720116,"upper_bound":63967285.137453675},"point_estimate":50622720.79206705,"standard_error":6674844.944888122},"slope":null,"std_dev":{"confidence_interval":{"confidence_level":0.95,"lower_bound":44041401.263485394,"upper_bound":60838240.95673294},"point_estimate":52953905.58817002,"standard_error":4295212.080173825}}