{"mean":{"confidence_interval":{"confidence_level":0.95,"lower_bound":865833.3458470126,"upper_bound":870406.5498713889},"point_estimate":868165.2668948089,"standard_error":1172.2693280427227},"median":{"confidence_interval":{"confidence_level":0.95,"lower_bound":865641.3337188808,"upper_bound":870798.5958333333},"point_estimate":869433.6769126424,"standard_error":1391.5019532173305},"median_abs_dev":{"confidence_interval":{"confidence_level":0.95,"lower_bound":7408.165721662439,"upper_bound":12198.229667869191},"point_estimate":9521.891401036608,"standard_error":1241.4059502080952},"slope":{"confidence_interval":{"confidence_level":0.95,"lower_bound":865592.9592353343,"upper_bound":870043.0838222416},"point_estimate":867855.3582429437,"standard_error":1132.0863230230852},"std_dev":{"confidence_interval":{"confidence_level":0.95,"lower_bound":9328.448630864761,"upper_bound":14355.111766603468},"point_estimate":11753.560827339632,"standard_error":1306.8043889661706}}