{"mean":{"confidence_interval":{"confidence_level":0.95,"lower_bound":864423.9369533944,"upper_bound":867442.2587199169},"point_estimate":865810.8979249868,"standard_error":774.1512654916286},"median":{"confidence_interval":{"confidence_level":0.95,"lower_bound":862359.6875,"upper_bound":864810.0},"point_estimate":863317.0053426052,"standard_error":564.9931296423802},"median_abs_dev":{"confidence_interval":{"confidence_level":0.95,"lower_bound":2606.281320395958,"upper_bound":5172.451132585587},"point_estimate":3728.2641488100735,"standard_error":576.8725478886308},"slope":{"confidence_interval":{"confidence_level":0.95,"lower_bound":863799.9270634593,"upper_bound":865674.3082773712},"point_estimate":864691.2401004877,"standard_error":477.3169869221313},"std_dev":{"confidence_interval":{"confidence_level":0.95,"lower_bound":4585.342891193795,"upper_bound":10600.040716091318},"point_estimate":7746.923322334729,"standard_error":1577.151309226888}}