{"mean":{"confidence_interval":{"confidence_level":0.95,"lower_bound":191462.83890168215,"upper_bound":191685.90759001332},"point_estimate":191580.31764367924,"standard_error":56.821443242303914},"median":{"confidence_interval":{"confidence_level":0.95,"lower_bound":191603.64301801802,"upper_bound":191759.17195767196},"point_estimate":191658.85871385084,"standard_error":41.59250506098415},"median_abs_dev":{"confidence_interval":{"confidence_level":0.95,"lower_bound":282.48289456221806,"upper_bound":504.1834233176225},"point_estimate":394.22045118978986,"standard_error":56.03686083298245},"slope":{"confidence_interval":{"confidence_level":0.95,"lower_bound":191280.45771311218,"upper_bound":191563.3642094726},"point_estimate":191422.13399241416,"standard_error":71.7660039845313},"std_dev":{"confidence_interval":{"confidence_level":0.95,"lower_bound":403.7179514732033,"upper_bound":739.380531077236},"point_estimate":570.2366287372938,"standard_error":87.26345871568391}}