{"mean":{"confidence_interval":{"confidence_level":0.95,"lower_bound":166819.05419941794,"upper_bound":170273.76866324892},"point_estimate":168488.41975463898,"standard_error":880.8275279455638},"median":{"confidence_interval":{"confidence_level":0.95,"lower_bound":164638.15315315317,"upper_bound":168386.18923611112},"point_estimate":167248.02777777778,"standard_error":1026.3971053935031},"median_abs_dev":{"confidence_interval":{"confidence_level":0.95,"lower_bound":4981.437493354126,"upper_bound":8050.450446192991},"point_estimate":7000.112508840034,"standard_error":804.7716579654203},"slope":{"confidence_interval":{"confidence_level":0.95,"lower_bound":165137.03867245253,"upper_bound":168613.8248419745},"point_estimate":166824.3397620807,"standard_error":886.7372340175068},"std_dev":{"confidence_interval":{"confidence_level":0.95,"lower_bound":6970.491984283806,"upper_bound":10520.36280753772},"point_estimate":8877.750172758053,"standard_error":907.2938614119721}}