{"mean":{"confidence_interval":{"confidence_level":0.95,"lower_bound":2321.681128814079,"upper_bound":2399.3008193591504},"point_estimate":2359.448311931131,"standard_error":19.77002232876121},"median":{"confidence_interval":{"confidence_level":0.95,"lower_bound":2278.0501723385923,"upper_bound":2374.656468062265},"point_estimate":2310.232506221637,"standard_error":22.339696198274467},"median_abs_dev":{"confidence_interval":{"confidence_level":0.95,"lower_bound":133.3245252941858,"upper_bound":206.5700065484343},"point_estimate":168.01071792301042,"standard_error":18.81442592350036},"slope":{"confidence_interval":{"confidence_level":0.95,"lower_bound":2258.1388613188888,"upper_bound":2330.3984451290985},"point_estimate":2293.0001530230893,"standard_error":18.413149400819396},"std_dev":{"confidence_interval":{"confidence_level":0.95,"lower_bound":163.284143750681,"upper_bound":230.61927285492703},"point_estimate":198.99312239651533,"standard_error":17.157527153902336}}