{"mean":{"confidence_interval":{"confidence_level":0.95,"lower_bound":2566.963602089208,"upper_bound":2636.37431076112},"point_estimate":2600.4972932872156,"standard_error":17.67646456309551},"median":{"confidence_interval":{"confidence_level":0.95,"lower_bound":2520.642364133814,"upper_bound":2605.005606778378},"point_estimate":2559.0821980807445,"standard_error":23.36321527794501},"median_abs_dev":{"confidence_interval":{"confidence_level":0.95,"lower_bound":106.38525896562408,"upper_bound":191.65867533092822},"point_estimate":154.4263940582629,"standard_error":22.085761405782662},"slope":{"confidence_interval":{"confidence_level":0.95,"lower_bound":2566.5003272482654,"upper_bound":2640.4891361203395},"point_estimate":2601.93737548347,"standard_error":18.867115225808693},"std_dev":{"confidence_interval":{"confidence_level":0.95,"lower_bound":140.52550172573876,"upper_bound":214.73215783456493},"point_estimate":178.48989413352135,"standard_error":18.96193684103144}}