{"mean":{"confidence_interval":{"confidence_level":0.95,"lower_bound":2393091.994737501,"upper_bound":2435324.574512501},"point_estimate":2413603.898000001,"standard_error":10769.443868275175},"median":{"confidence_interval":{"confidence_level":0.95,"lower_bound":2365107.15,"upper_bound":2430785.35},"point_estimate":2390838.75,"standard_error":16271.112911253707},"median_abs_dev":{"confidence_interval":{"confidence_level":0.95,"lower_bound":84732.3657624496,"upper_bound":135457.15633502958},"point_estimate":117402.16227069504,"standard_error":13366.948523786066},"slope":null,"std_dev":{"confidence_interval":{"confidence_level":0.95,"lower_bound":88465.7120216418,"upper_bound":128047.9928485028},"point_estimate":108455.5855002436,"standard_error":10153.733829742532}}