{"mean":{"confidence_interval":{"confidence_level":0.95,"lower_bound":2536804.1914642863,"upper_bound":2586859.002011905},"point_estimate":2561912.7990476186,"standard_error":12754.56128323723},"median":{"confidence_interval":{"confidence_level":0.95,"lower_bound":2534854.2142857146,"upper_bound":2595982.095238095},"point_estimate":2565151.4523809524,"standard_error":14359.55734496766},"median_abs_dev":{"confidence_interval":{"confidence_level":0.95,"lower_bound":104565.58754358969,"upper_bound":169158.23239684151},"point_estimate":137442.59495990616,"standard_error":15818.488592464024},"slope":null,"std_dev":{"confidence_interval":{"confidence_level":0.95,"lower_bound":112369.21533628614,"upper_bound":142378.06992504463},"point_estimate":128379.14804134547,"standard_error":7662.881897376121}}