{"mean":{"confidence_interval":{"confidence_level":0.95,"lower_bound":2293110.719295454,"upper_bound":2293642.98390909},"point_estimate":2293351.752272727,"standard_error":137.12214359627043},"median":{"confidence_interval":{"confidence_level":0.95,"lower_bound":2293083.272727273,"upper_bound":2293481.204545454},"point_estimate":2293244.8863636367,"standard_error":99.43771626708254},"median_abs_dev":{"confidence_interval":{"confidence_level":0.95,"lower_bound":582.9650487412733,"upper_bound":1006.7527730355936},"point_estimate":785.4747269640642,"standard_error":108.1753752248107},"slope":null,"std_dev":{"confidence_interval":{"confidence_level":0.95,"lower_bound":764.8459247063091,"upper_bound":2031.6878477667108},"point_estimate":1369.0325518218717,"standard_error":384.80064141006545}}