{"mean":{"confidence_interval":{"confidence_level":0.95,"lower_bound":2053109.1618199977,"upper_bound":2053431.5675999979},"point_estimate":2053269.7511999973,"standard_error":82.38055714723762},"median":{"confidence_interval":{"confidence_level":0.95,"lower_bound":2052992.16,"upper_bound":2053500.16},"point_estimate":2053266.16,"standard_error":150.37313686032957},"median_abs_dev":{"confidence_interval":{"confidence_level":0.95,"lower_bound":582.8693536520211,"upper_bound":956.5141990183541},"point_estimate":706.9333194493488,"standard_error":95.18346552852321},"slope":null,"std_dev":{"confidence_interval":{"confidence_level":0.95,"lower_bound":704.8201841333499,"upper_bound":939.1587516408423},"point_estimate":827.7165456861424,"standard_error":59.77174152216493}}