{"mean":{"confidence_interval":{"confidence_level":0.95,"lower_bound":2340026.7244999995,"upper_bound":2402412.210250001},"point_estimate":2370738.318500001,"standard_error":15895.61493109545},"median":{"confidence_interval":{"confidence_level":0.95,"lower_bound":2327159.4,"upper_bound":2395514.55},"point_estimate":2359614.5,"standard_error":15659.431644205093},"median_abs_dev":{"confidence_interval":{"confidence_level":0.95,"lower_bound":132807.85859718925,"upper_bound":201637.67357021605},"point_estimate":165095.21658897426,"standard_error":17237.565319587844},"slope":null,"std_dev":{"confidence_interval":{"confidence_level":0.95,"lower_bound":135393.09535781367,"upper_bound":182372.54954778307},"point_estimate":159571.22302163395,"standard_error":12057.310185248116}}