{"mean":{"confidence_interval":{"confidence_level":0.95,"lower_bound":2477516.4985125004,"upper_bound":2533564.591287501},"point_estimate":2505441.1055000005,"standard_error":14330.485782120844},"median":{"confidence_interval":{"confidence_level":0.95,"lower_bound":2467188.45,"upper_bound":2530134.25},"point_estimate":2495472.425,"standard_error":16334.46870237891},"median_abs_dev":{"confidence_interval":{"confidence_level":0.95,"lower_bound":102593.87960359454,"upper_bound":155810.84196880474},"point_estimate":128759.35991406441,"standard_error":12988.788055117713},"slope":null,"std_dev":{"confidence_interval":{"confidence_level":0.95,"lower_bound":122125.86491931713,"upper_bound":163762.44978443583},"point_estimate":143994.48158580362,"standard_error":10619.978610260141}}