{"mean":{"confidence_interval":{"confidence_level":0.95,"lower_bound":8232565.619249997,"upper_bound":8493280.75925},"point_estimate":8359353.099999997,"standard_error":66495.8174852212},"median":{"confidence_interval":{"confidence_level":0.95,"lower_bound":8131793.166666666,"upper_bound":8376376.299999994},"point_estimate":8257269.5,"standard_error":57131.17991284777},"median_abs_dev":{"confidence_interval":{"confidence_level":0.95,"lower_bound":428214.53194767167,"upper_bound":717978.3186033354},"point_estimate":561291.2229850888,"standard_error":70562.33329192875},"slope":null,"std_dev":{"confidence_interval":{"confidence_level":0.95,"lower_bound":536352.647144379,"upper_bound":786742.7717697482},"point_estimate":669344.0698993651,"standard_error":64380.56663124389}}