{"mean":{"confidence_interval":{"confidence_level":0.95,"lower_bound":8087085.453214286,"upper_bound":8295939.901250001},"point_estimate":8189805.975714288,"standard_error":53245.20428805761},"median":{"confidence_interval":{"confidence_level":0.95,"lower_bound":7921033.142857144,"upper_bound":8228484.714285715},"point_estimate":8093699.285714285,"standard_error":80257.754795158},"median_abs_dev":{"confidence_interval":{"confidence_level":0.95,"lower_bound":372575.46718546364,"upper_bound":644964.4529495912},"point_estimate":495468.28490367916,"standard_error":68680.79376472528},"slope":null,"std_dev":{"confidence_interval":{"confidence_level":0.95,"lower_bound":449895.83824193315,"upper_bound":609497.158811522},"point_estimate":534332.5007040704,"standard_error":40936.23969157548}}