{"mean":{"confidence_interval":{"confidence_level":0.95,"lower_bound":8152074.95282143,"upper_bound":8163995.469999998},"point_estimate":8157841.679999999,"standard_error":3053.3555459443696},"median":{"confidence_interval":{"confidence_level":0.95,"lower_bound":8147390.428571429,"upper_bound":8162455.857142856},"point_estimate":8152676.142857143,"standard_error":4082.126424434121},"median_abs_dev":{"confidence_interval":{"confidence_level":0.95,"lower_bound":21972.44930991075,"upper_bound":34565.97118633144},"point_estimate":27577.63031039939,"standard_error":3001.078342427739},"slope":null,"std_dev":{"confidence_interval":{"confidence_level":0.95,"lower_bound":24928.875742021777,"upper_bound":35402.638633312454},"point_estimate":30477.805822437513,"standard_error":2683.798728635337}}