{"mean":{"confidence_interval":{"confidence_level":0.95,"lower_bound":8685586.92335714,"upper_bound":8856026.842857143},"point_estimate":8769991.101428572,"standard_error":43456.961956285646},"median":{"confidence_interval":{"confidence_level":0.95,"lower_bound":8618872.285714285,"upper_bound":8809509.0},"point_estimate":8711837.0,"standard_error":43004.96582907676},"median_abs_dev":{"confidence_interval":{"confidence_level":0.95,"lower_bound":301244.6172518394,"upper_bound":531313.5280672999},"point_estimate":416241.9547102283,"standard_error":54813.45374105615},"slope":null,"std_dev":{"confidence_interval":{"confidence_level":0.95,"lower_bound":377083.23413918354,"upper_bound":487731.8637224525},"point_estimate":436088.28541093913,"standard_error":28404.078932947417}}