{"mean":{"confidence_interval":{"confidence_level":0.95,"lower_bound":6973726.3225937495,"upper_bound":7142189.881468751},"point_estimate":7052535.98,"standard_error":43074.80165413012},"median":{"confidence_interval":{"confidence_level":0.95,"lower_bound":6840886.75,"upper_bound":6982195.0},"point_estimate":6889627.0,"standard_error":33476.96891296957},"median_abs_dev":{"confidence_interval":{"confidence_level":0.95,"lower_bound":167747.56940938532,"upper_bound":336687.6125101},"point_estimate":239917.20027811825,"standard_error":41951.29166254168},"slope":null,"std_dev":{"confidence_interval":{"confidence_level":0.95,"lower_bound":301793.14424155373,"upper_bound":578712.7732938277},"point_estimate":433328.2580157946,"standard_error":76556.73886441538}}