{"mean":{"confidence_interval":{"confidence_level":0.95,"lower_bound":14812.928567378638,"upper_bound":14839.266405953667},"point_estimate":14826.103892497886,"standard_error":6.703235509994172},"median":{"confidence_interval":{"confidence_level":0.95,"lower_bound":14803.326602282705,"upper_bound":14844.396978522023},"point_estimate":14823.660526209922,"standard_error":9.905205085295684},"median_abs_dev":{"confidence_interval":{"confidence_level":0.95,"lower_bound":51.34974022711177,"upper_bound":87.96794200625477},"point_estimate":66.74611299910868,"standard_error":9.13419380271318},"slope":{"confidence_interval":{"confidence_level":0.95,"lower_bound":14816.395694736582,"upper_bound":14856.306832130784},"point_estimate":14837.010871370941,"standard_error":10.163721342850884},"std_dev":{"confidence_interval":{"confidence_level":0.95,"lower_bound":59.049884520891936,"upper_bound":75.08140077950111},"point_estimate":67.61757608405674,"standard_error":4.092343069298936}}