{"mean":{"confidence_interval":{"confidence_level":0.95,"lower_bound":5384.118057203771,"upper_bound":5391.760011288355},"point_estimate":5386.989546535571,"standard_error":2.1044835048339063},"median":{"confidence_interval":{"confidence_level":0.95,"lower_bound":5383.115803939533,"upper_bound":5384.417736486486},"point_estimate":5384.071716880815,"standard_error":0.30162894046760214},"median_abs_dev":{"confidence_interval":{"confidence_level":0.95,"lower_bound":1.9079107301680593,"upper_bound":3.3856212806685217},"point_estimate":2.567361290707777,"standard_error":0.36087959005752973},"slope":{"confidence_interval":{"confidence_level":0.95,"lower_bound":5383.235087844407,"upper_bound":5390.675140551361},"point_estimate":5385.924822081724,"standard_error":2.013214084723499},"std_dev":{"confidence_interval":{"confidence_level":0.95,"lower_bound":3.871851997601854,"upper_bound":35.64360960322248},"point_estimate":21.247627192547228,"standard_error":10.53520218825544}}