{"mean":{"confidence_interval":{"confidence_level":0.95,"lower_bound":30333.359472994118,"upper_bound":30531.031781740538},"point_estimate":30433.881020634082,"standard_error":50.53761778268574},"median":{"confidence_interval":{"confidence_level":0.95,"lower_bound":30400.0,"upper_bound":30640.299102132434},"point_estimate":30510.02456140351,"standard_error":67.01856303583642},"median_abs_dev":{"confidence_interval":{"confidence_level":0.95,"lower_bound":426.97936560274616,"upper_bound":695.3840475029517},"point_estimate":587.1221790463867,"standard_error":69.3371445639754},"slope":{"confidence_interval":{"confidence_level":0.95,"lower_bound":30552.174062205122,"upper_bound":30719.408127025792},"point_estimate":30639.417249575705,"standard_error":42.65251765967755},"std_dev":{"confidence_interval":{"confidence_level":0.95,"lower_bound":442.1834124737161,"upper_bound":564.626540922445},"point_estimate":507.419260359834,"standard_error":31.16361960363105}}