{"mean":{"confidence_interval":{"confidence_level":0.95,"lower_bound":271848541.837,"upper_bound":272098293.39},"point_estimate":271963005.16,"standard_error":63730.855399742235},"median":{"confidence_interval":{"confidence_level":0.95,"lower_bound":271837723.5,"upper_bound":271985192.5},"point_estimate":271887436.0,"standard_error":38747.58865612665},"median_abs_dev":{"confidence_interval":{"confidence_level":0.95,"lower_bound":275603.0295270685,"upper_bound":444889.7045016289},"point_estimate":343631.83279931545,"standard_error":43079.253139977955},"slope":null,"std_dev":{"confidence_interval":{"confidence_level":0.95,"lower_bound":374941.56644843466,"upper_bound":917357.3505850441},"point_estimate":640378.0567455969,"standard_error":149801.8534247099}}