{"mean":{"confidence_interval":{"confidence_level":0.95,"lower_bound":307807814.25549996,"upper_bound":310800961.88774997},"point_estimate":309292268.58,"standard_error":763931.1994014714},"median":{"confidence_interval":{"confidence_level":0.95,"lower_bound":307833883.0,"upper_bound":311215567.0},"point_estimate":309474014.5,"standard_error":807788.5106534733},"median_abs_dev":{"confidence_interval":{"confidence_level":0.95,"lower_bound":5974539.119830728,"upper_bound":9775820.929044485},"point_estimate":7789262.244012952,"standard_error":991165.9847333479},"slope":null,"std_dev":{"confidence_interval":{"confidence_level":0.95,"lower_bound":6577208.525319656,"upper_bound":8747584.479622014},"point_estimate":7696010.668380333,"standard_error":555187.1555350631}}