{"mean":{"confidence_interval":{"confidence_level":0.95,"lower_bound":8402.75043741234,"upper_bound":8555.373500290349},"point_estimate":8477.239449445626,"standard_error":38.88179904635185},"median":{"confidence_interval":{"confidence_level":0.95,"lower_bound":8256.31062941235,"upper_bound":8521.283185840708},"point_estimate":8372.029039659128,"standard_error":76.71900808210518},"median_abs_dev":{"confidence_interval":{"confidence_level":0.95,"lower_bound":271.6642082502783,"upper_bound":493.3854093935062},"point_estimate":381.53082830101545,"standard_error":54.48960657475593},"slope":{"confidence_interval":{"confidence_level":0.95,"lower_bound":8404.449641083625,"upper_bound":8631.224020460037},"point_estimate":8513.065998998261,"standard_error":57.973380453076096},"std_dev":{"confidence_interval":{"confidence_level":0.95,"lower_bound":336.78441077296714,"upper_bound":435.300849556025},"point_estimate":390.1357824419668,"standard_error":25.182270642877672}}