{"mean":{"confidence_interval":{"confidence_level":0.95,"lower_bound":39823783.569375,"upper_bound":40542556.03225},"point_estimate":40174479.8,"standard_error":183878.65371455642},"median":{"confidence_interval":{"confidence_level":0.95,"lower_bound":39751472.5,"upper_bound":40433752.5},"point_estimate":39941255.0,"standard_error":184034.4733894519},"median_abs_dev":{"confidence_interval":{"confidence_level":0.95,"lower_bound":1068746.6463759542,"upper_bound":2055768.6757028103},"point_estimate":1616562.8888502717,"standard_error":262841.5952255417},"slope":null,"std_dev":{"confidence_interval":{"confidence_level":0.95,"lower_bound":1464380.4402010627,"upper_bound":2228174.178568545},"point_estimate":1855177.1768808325,"standard_error":195654.46193710944}}