{"mean":{"confidence_interval":{"confidence_level":0.95,"lower_bound":31179254.42425,"upper_bound":32038534.909374997},"point_estimate":31590072.235,"standard_error":219300.55387124748},"median":{"confidence_interval":{"confidence_level":0.95,"lower_bound":30349561.5,"upper_bound":31184954.5},"point_estimate":30806003.0,"standard_error":231877.91569723454},"median_abs_dev":{"confidence_interval":{"confidence_level":0.95,"lower_bound":828645.8816885948,"upper_bound":1915772.792516982},"point_estimate":1317519.1383093596,"standard_error":293613.7741238347},"slope":null,"std_dev":{"confidence_interval":{"confidence_level":0.95,"lower_bound":1668649.3517026196,"upper_bound":2696353.817347451},"point_estimate":2211433.1281826384,"standard_error":263704.15983577305}}