{"mean":{"confidence_interval":{"confidence_level":0.95,"lower_bound":34010574.259624995,"upper_bound":34016137.43775},"point_estimate":34013282.67,"standard_error":1427.1094615774425},"median":{"confidence_interval":{"confidence_level":0.95,"lower_bound":34010601.25,"upper_bound":34015051.5},"point_estimate":34013513.5,"standard_error":1270.4776938767636},"median_abs_dev":{"confidence_interval":{"confidence_level":0.95,"lower_bound":11378.58414798975,"upper_bound":17754.50533479452},"point_estimate":14141.03854894638,"standard_error":1712.209750360756},"slope":null,"std_dev":{"confidence_interval":{"confidence_level":0.95,"lower_bound":11580.640324330694,"upper_bound":17358.26184850928},"point_estimate":14361.047964106718,"standard_error":1497.0489991618156}}