{"mean":{"confidence_interval":{"confidence_level":0.95,"lower_bound":33913147.000125006,"upper_bound":33960126.607374996},"point_estimate":33929934.605,"standard_error":13921.784583859577},"median":{"confidence_interval":{"confidence_level":0.95,"lower_bound":33911567.24375,"upper_bound":33919368.0},"point_estimate":33914642.5,"standard_error":2238.4865764339784},"median_abs_dev":{"confidence_interval":{"confidence_level":0.95,"lower_bound":12231.449782848358,"upper_bound":21282.722622156143},"point_estimate":17235.224694013596,"standard_error":2295.9013826098994},"slope":null,"std_dev":{"confidence_interval":{"confidence_level":0.95,"lower_bound":15669.22599406287,"upper_bound":239859.1226916415},"point_estimate":140642.92372074272,"standard_error":79041.26895256121}}