{"mean":{"confidence_interval":{"confidence_level":0.95,"lower_bound":40954916.155625,"upper_bound":41851997.522625},"point_estimate":41400747.78,"standard_error":228863.8376693212},"median":{"confidence_interval":{"confidence_level":0.95,"lower_bound":40718471.5,"upper_bound":42002355.75},"point_estimate":41041073.75,"standard_error":356532.65529631113},"median_abs_dev":{"confidence_interval":{"confidence_level":0.95,"lower_bound":1749911.0624753695,"upper_bound":2916738.9433175325},"point_estimate":2259423.4265372157,"standard_error":293495.4695230461},"slope":null,"std_dev":{"confidence_interval":{"confidence_level":0.95,"lower_bound":1991811.2009139955,"upper_bound":2596976.731994783},"point_estimate":2307764.144328032,"standard_error":154221.07488394}}