{"mean":{"confidence_interval":{"confidence_level":0.95,"lower_bound":30297374.024375003,"upper_bound":30305649.639125},"point_estimate":30301205.62,"standard_error":2108.1308666476366},"median":{"confidence_interval":{"confidence_level":0.95,"lower_bound":30295237.5,"upper_bound":30302662.0},"point_estimate":30299534.75,"standard_error":1777.450919366622},"median_abs_dev":{"confidence_interval":{"confidence_level":0.95,"lower_bound":11565.021094679832,"upper_bound":20649.75436214355},"point_estimate":15603.623422980309,"standard_error":2352.4561617611225},"slope":null,"std_dev":{"confidence_interval":{"confidence_level":0.95,"lower_bound":13982.100271942223,"upper_bound":29797.435670609822},"point_estimate":21235.45699801979,"standard_error":4688.933354084083}}