{"mean":{"confidence_interval":{"confidence_level":0.95,"lower_bound":33977579.909499995,"upper_bound":33987312.796875},"point_estimate":33982139.88,"standard_error":2494.841449479088},"median":{"confidence_interval":{"confidence_level":0.95,"lower_bound":33974187.0,"upper_bound":33982826.0},"point_estimate":33979100.75,"standard_error":2378.916986588605},"median_abs_dev":{"confidence_interval":{"confidence_level":0.95,"lower_bound":12454.581078886986,"upper_bound":19013.983278684314},"point_estimate":15826.754719018936,"standard_error":1673.022926455623},"slope":null,"std_dev":{"confidence_interval":{"confidence_level":0.95,"lower_bound":16707.263405404577,"upper_bound":32229.453370890467},"point_estimate":24989.959936681975,"standard_error":3971.3308807113317}}