{"mean":{"confidence_interval":{"confidence_level":0.95,"lower_bound":15172.62851583712,"upper_bound":15525.148044331376},"point_estimate":15350.235445348482,"standard_error":90.23036441142767},"median":{"confidence_interval":{"confidence_level":0.95,"lower_bound":15102.929383116883,"upper_bound":15625.028087855047},"point_estimate":15349.103026886129,"standard_error":121.60052915202265},"median_abs_dev":{"confidence_interval":{"confidence_level":0.95,"lower_bound":693.4371748886066,"upper_bound":1095.4230933968408},"point_estimate":860.7293979136699,"standard_error":103.03673157151985},"slope":{"confidence_interval":{"confidence_level":0.95,"lower_bound":15086.817908663857,"upper_bound":15492.655359181583},"point_estimate":15289.737747109133,"standard_error":103.51238053111082},"std_dev":{"confidence_interval":{"confidence_level":0.95,"lower_bound":781.3697871265284,"upper_bound":1014.0870355346892},"point_estimate":903.8795176559227,"standard_error":59.37353516744347}}