{"mean":{"confidence_interval":{"confidence_level":0.95,"lower_bound":28135782.67275,"upper_bound":28186559.814375},"point_estimate":28157210.12,"standard_error":13105.35929978771},"median":{"confidence_interval":{"confidence_level":0.95,"lower_bound":28138730.25,"upper_bound":28166237.0},"point_estimate":28150810.5,"standard_error":6585.14034757044},"median_abs_dev":{"confidence_interval":{"confidence_level":0.95,"lower_bound":43221.49573266506,"upper_bound":72095.87152004242},"point_estimate":59752.85608917475,"standard_error":7427.429078772276},"slope":null,"std_dev":{"confidence_interval":{"confidence_level":0.95,"lower_bound":55908.83942810341,"upper_bound":208158.44877166674},"point_estimate":131143.03026444072,"standard_error":48029.936990760296}}