{"mean":{"confidence_interval":{"confidence_level":0.95,"lower_bound":20724397.868833333,"upper_bound":20737012.427666664},"point_estimate":20729974.30666666,"standard_error":3225.076836575376},"median":{"confidence_interval":{"confidence_level":0.95,"lower_bound":20722263.0,"upper_bound":20730529.666666664},"point_estimate":20725729.666666664,"standard_error":2223.862564507774},"median_abs_dev":{"confidence_interval":{"confidence_level":0.95,"lower_bound":13550.963759422302,"upper_bound":24413.973766565323},"point_estimate":17644.17518674867,"standard_error":2898.196924968022},"slope":null,"std_dev":{"confidence_interval":{"confidence_level":0.95,"lower_bound":17341.16483835139,"upper_bound":48522.72582633351},"point_estimate":32478.11832778724,"standard_error":9279.129194628431}}