{"mean":{"confidence_interval":{"confidence_level":0.95,"lower_bound":27810329.1315,"upper_bound":27930047.2455},"point_estimate":27870546.54,"standard_error":30561.305848825097},"median":{"confidence_interval":{"confidence_level":0.95,"lower_bound":27810542.5,"upper_bound":27966690.0},"point_estimate":27915489.75,"standard_error":43288.594067034835},"median_abs_dev":{"confidence_interval":{"confidence_level":0.95,"lower_bound":272504.09906208515,"upper_bound":419245.00596441264},"point_estimate":351488.1300598383,"standard_error":38249.975272708616},"slope":null,"std_dev":{"confidence_interval":{"confidence_level":0.95,"lower_bound":266319.65791727434,"upper_bound":342343.11190187547},"point_estimate":306035.4226515923,"standard_error":19475.40191101352}}