{"mean":{"confidence_interval":{"confidence_level":0.95,"lower_bound":24002464.536166664,"upper_bound":24025644.046333328},"point_estimate":24011008.293333337,"standard_error":6530.034662898448},"median":{"confidence_interval":{"confidence_level":0.95,"lower_bound":24001046.0,"upper_bound":24005346.0},"point_estimate":24003129.166666664,"standard_error":1160.0478576876064},"median_abs_dev":{"confidence_interval":{"confidence_level":0.95,"lower_bound":8667.032346133099,"upper_bound":12861.554771661758},"point_estimate":10650.256910920143,"standard_error":1069.9129284658154},"slope":null,"std_dev":{"confidence_interval":{"confidence_level":0.95,"lower_bound":11316.000496019939,"upper_bound":111132.55623981896},"point_estimate":65806.03766096149,"standard_error":34275.56243567797}}