{"mean":{"confidence_interval":{"confidence_level":0.95,"lower_bound":26590727.980875,"upper_bound":26941101.178625003},"point_estimate":26763692.235,"standard_error":89451.73444516896},"median":{"confidence_interval":{"confidence_level":0.95,"lower_bound":26531756.0,"upper_bound":26886403.0},"point_estimate":26671205.0,"standard_error":96787.38649479169},"median_abs_dev":{"confidence_interval":{"confidence_level":0.95,"lower_bound":488105.2698343992,"upper_bound":971286.8344224604},"point_estimate":643110.3557825089,"standard_error":128551.96558772848},"slope":null,"std_dev":{"confidence_interval":{"confidence_level":0.95,"lower_bound":750413.881618588,"upper_bound":1033629.7349073652},"point_estimate":898823.0649179275,"standard_error":72387.3796728553}}