{"mean":{"confidence_interval":{"confidence_level":0.95,"lower_bound":205029020.97075,"upper_bound":208111977.0345},"point_estimate":206554540.96,"standard_error":784987.3254949877},"median":{"confidence_interval":{"confidence_level":0.95,"lower_bound":202653369.5,"upper_bound":207667062.5},"point_estimate":204173996.0,"standard_error":1276779.3003979241},"median_abs_dev":{"confidence_interval":{"confidence_level":0.95,"lower_bound":5632348.374205828,"upper_bound":9782981.886917353},"point_estimate":7569744.785410166,"standard_error":1010487.9112666744},"slope":null,"std_dev":{"confidence_interval":{"confidence_level":0.95,"lower_bound":6815708.36304394,"upper_bound":8790216.562771706},"point_estimate":7886226.203412023,"standard_error":504973.48704090796}}