{"mean":{"confidence_interval":{"confidence_level":0.95,"lower_bound":24913647.175499998,"upper_bound":25441432.695},"point_estimate":25161698.895,"standard_error":134702.91758469865},"median":{"confidence_interval":{"confidence_level":0.95,"lower_bound":24720110.25,"upper_bound":25004115.5},"point_estimate":24814431.25,"standard_error":60500.079819933235},"median_abs_dev":{"confidence_interval":{"confidence_level":0.95,"lower_bound":444113.97113040095,"upper_bound":865234.9664390087},"point_estimate":704557.4529916048,"standard_error":117869.33369668663},"slope":null,"std_dev":{"confidence_interval":{"confidence_level":0.95,"lower_bound":870568.2172347339,"upper_bound":1791765.4215930745},"point_estimate":1353573.3546775929,"standard_error":237406.96259518992}}