{"mean":{"confidence_interval":{"confidence_level":0.95,"lower_bound":2533630.354350001,"upper_bound":2596161.6275749994},"point_estimate":2563787.2719999985,"standard_error":15956.053694244605},"median":{"confidence_interval":{"confidence_level":0.95,"lower_bound":2479275.825,"upper_bound":2566204.9749999996},"point_estimate":2513112.6500000004,"standard_error":26312.234091029193},"median_abs_dev":{"confidence_interval":{"confidence_level":0.95,"lower_bound":89390.36314800361,"upper_bound":164587.5743579862},"point_estimate":117348.49215164829,"standard_error":19448.73860346153},"slope":null,"std_dev":{"confidence_interval":{"confidence_level":0.95,"lower_bound":128940.17609908569,"upper_bound":187824.7744244659},"point_estimate":160168.8951449959,"standard_error":15019.014553336314}}