{"mean":{"confidence_interval":{"confidence_level":0.95,"lower_bound":2693653.172578946,"upper_bound":2735476.3019342106},"point_estimate":2714912.1505263164,"standard_error":10683.49736719012},"median":{"confidence_interval":{"confidence_level":0.95,"lower_bound":2699803.947368421,"upper_bound":2758299.078947368},"point_estimate":2743887.236842105,"standard_error":19101.485047556624},"median_abs_dev":{"confidence_interval":{"confidence_level":0.95,"lower_bound":82948.19120105953,"upper_bound":140308.5015827108},"point_estimate":107694.65751961681,"standard_error":14992.086316661105},"slope":null,"std_dev":{"confidence_interval":{"confidence_level":0.95,"lower_bound":91662.68858788912,"upper_bound":121873.03259059491},"point_estimate":107144.37223079125,"standard_error":7733.42690862821}}