{"mean":{"confidence_interval":{"confidence_level":0.95,"lower_bound":2744876.2221315787,"upper_bound":2789179.34794737},"point_estimate":2766053.891578948,"standard_error":11304.601545544241},"median":{"confidence_interval":{"confidence_level":0.95,"lower_bound":2732079.5263157897,"upper_bound":2777384.5},"point_estimate":2761697.7894736845,"standard_error":9615.485696383388},"median_abs_dev":{"confidence_interval":{"confidence_level":0.95,"lower_bound":68335.60782890556,"upper_bound":108053.60375179621},"point_estimate":89263.59889946526,"standard_error":9728.389144154826},"slope":null,"std_dev":{"confidence_interval":{"confidence_level":0.95,"lower_bound":81330.95336149736,"upper_bound":143474.33367402497},"point_estimate":113211.83033600786,"standard_error":16054.48103805242}}