{"mean":{"confidence_interval":{"confidence_level":0.95,"lower_bound":2464001.589547619,"upper_bound":2465184.4598095235},"point_estimate":2464573.021904763,"standard_error":302.71207479336243},"median":{"confidence_interval":{"confidence_level":0.95,"lower_bound":2463247.9523809524,"upper_bound":2463978.9833333334},"point_estimate":2463616.9523809524,"standard_error":194.60987214127047},"median_abs_dev":{"confidence_interval":{"confidence_level":0.95,"lower_bound":1270.869694937981,"upper_bound":2405.945587285555},"point_estimate":1869.0290668179039,"standard_error":284.3154606786212},"slope":null,"std_dev":{"confidence_interval":{"confidence_level":0.95,"lower_bound":2478.3699659294784,"upper_bound":3541.0749896058737},"point_estimate":3055.0234041763065,"standard_error":271.5444338137475}}