{"mean":{"confidence_interval":{"confidence_level":0.95,"lower_bound":3080608.357955882,"upper_bound":3138892.324970589},"point_estimate":3108971.5017647077,"standard_error":14856.866553264103},"median":{"confidence_interval":{"confidence_level":0.95,"lower_bound":3062384.6470588236,"upper_bound":3128089.3529411764},"point_estimate":3090298.3529411764,"standard_error":20389.98881876124},"median_abs_dev":{"confidence_interval":{"confidence_level":0.95,"lower_bound":91490.11062278494,"upper_bound":169000.7860937536},"point_estimate":134209.74626435945,"standard_error":19068.08321538275},"slope":null,"std_dev":{"confidence_interval":{"confidence_level":0.95,"lower_bound":118859.23378985506,"upper_bound":177940.02669887213},"point_estimate":148961.03978169753,"standard_error":15263.338256703}}