{"mean":{"confidence_interval":{"confidence_level":0.95,"lower_bound":2412127.136880953,"upper_bound":2447897.515678571},"point_estimate":2429703.121904762,"standard_error":9103.550050092634},"median":{"confidence_interval":{"confidence_level":0.95,"lower_bound":2387054.261904762,"upper_bound":2439048.0476190476},"point_estimate":2400752.738095238,"standard_error":13131.252406531064},"median_abs_dev":{"confidence_interval":{"confidence_level":0.95,"lower_bound":69700.76479756403,"upper_bound":115032.40977276648},"point_estimate":91079.75228301088,"standard_error":11398.129653084483},"slope":null,"std_dev":{"confidence_interval":{"confidence_level":0.95,"lower_bound":77272.64992994607,"upper_bound":103529.91631604476},"point_estimate":90876.26785603557,"standard_error":6679.451672295536}}