{"mean":{"confidence_interval":{"confidence_level":0.95,"lower_bound":2868330.2810277785,"upper_bound":2879109.8397083343},"point_estimate":2873874.93888889,"standard_error":2767.368934061493},"median":{"confidence_interval":{"confidence_level":0.95,"lower_bound":2873235.138888889,"upper_bound":2884007.9444444445},"point_estimate":2879124.388888889,"standard_error":2841.242220997229},"median_abs_dev":{"confidence_interval":{"confidence_level":0.95,"lower_bound":22676.90198073769,"upper_bound":35551.51186883426},"point_estimate":28731.181339919684,"standard_error":3320.700478605847},"slope":null,"std_dev":{"confidence_interval":{"confidence_level":0.95,"lower_bound":23419.297280600276,"upper_bound":31791.406861933796},"point_estimate":27818.06040721831,"standard_error":2137.548190174737}}