{"mean":{"confidence_interval":{"confidence_level":0.95,"lower_bound":2893149.819777777,"upper_bound":2894186.9316249997},"point_estimate":2893629.852222221,"standard_error":265.1402694343292},"median":{"confidence_interval":{"confidence_level":0.95,"lower_bound":2892966.1944444445,"upper_bound":2893652.388888889},"point_estimate":2893338.472222222,"standard_error":171.99778550398526},"median_abs_dev":{"confidence_interval":{"confidence_level":0.95,"lower_bound":1334.4635263087666,"upper_bound":2129.2606621981904},"point_estimate":1791.2690515320273,"standard_error":196.5161737802546},"slope":null,"std_dev":{"confidence_interval":{"confidence_level":0.95,"lower_bound":1632.4749134306494,"upper_bound":3652.507352925329},"point_estimate":2663.040233904404,"standard_error":534.4972505003453}}