{"mean":{"confidence_interval":{"confidence_level":0.95,"lower_bound":2623465.0888250005,"upper_bound":2668286.441812499},"point_estimate":2645480.4449999994,"standard_error":11479.544359934318},"median":{"confidence_interval":{"confidence_level":0.95,"lower_bound":2595596.7,"upper_bound":2661483.1},"point_estimate":2633906.55,"standard_error":17514.004293629725},"median_abs_dev":{"confidence_interval":{"confidence_level":0.95,"lower_bound":87420.46962797614,"upper_bound":134239.97604176472},"point_estimate":108984.18201014392,"standard_error":12120.301495562055},"slope":null,"std_dev":{"confidence_interval":{"confidence_level":0.95,"lower_bound":97275.80810593863,"upper_bound":129421.08865746784},"point_estimate":114574.86729787991,"standard_error":8213.541210098003}}