{"mean":{"confidence_interval":{"confidence_level":0.95,"lower_bound":3605.921790932152,"upper_bound":3693.8471019293943},"point_estimate":3646.8927100312635,"standard_error":22.42320766141283},"median":{"confidence_interval":{"confidence_level":0.95,"lower_bound":3541.460475229073,"upper_bound":3612.9339109366374},"point_estimate":3566.736036427705,"standard_error":17.142187684693685},"median_abs_dev":{"confidence_interval":{"confidence_level":0.95,"lower_bound":61.77419839060466,"upper_bound":146.3353075565705},"point_estimate":94.24981843962527,"standard_error":20.433299668245308},"slope":{"confidence_interval":{"confidence_level":0.95,"lower_bound":3591.262648082255,"upper_bound":3684.661357565197},"point_estimate":3634.8804871105913,"standard_error":23.96713368385208},"std_dev":{"confidence_interval":{"confidence_level":0.95,"lower_bound":149.49891595903338,"upper_bound":302.6789186325489},"point_estimate":225.38983372854761,"standard_error":40.42516799384213}}