{"mean":{"confidence_interval":{"confidence_level":0.95,"lower_bound":3851.2110563227757,"upper_bound":3984.4655370430683},"point_estimate":3916.2148905349486,"standard_error":34.05352871289559},"median":{"confidence_interval":{"confidence_level":0.95,"lower_bound":3731.4924340683096,"upper_bound":3962.990272373541},"point_estimate":3786.229895268798,"standard_error":57.92292140277989},"median_abs_dev":{"confidence_interval":{"confidence_level":0.95,"lower_bound":217.051068280903,"upper_bound":415.5113193487305},"point_estimate":310.104076312734,"standard_error":46.73163807366456},"slope":{"confidence_interval":{"confidence_level":0.95,"lower_bound":3784.236051600317,"upper_bound":3940.340945502675},"point_estimate":3859.1408540991156,"standard_error":39.70890048509738},"std_dev":{"confidence_interval":{"confidence_level":0.95,"lower_bound":289.90179569931865,"upper_bound":388.53117434164625},"point_estimate":342.74772988139705,"standard_error":25.21992160633058}}