{"mean":{"confidence_interval":{"confidence_level":0.95,"lower_bound":3725.6687657082402,"upper_bound":3833.1899401329993},"point_estimate":3778.2272824798774,"standard_error":27.421804994325207},"median":{"confidence_interval":{"confidence_level":0.95,"lower_bound":3696.461239849475,"upper_bound":3800.1773159041395},"point_estimate":3740.4133836098545,"standard_error":22.727775417156643},"median_abs_dev":{"confidence_interval":{"confidence_level":0.95,"lower_bound":188.44499600028507,"upper_bound":324.9834807196099},"point_estimate":273.36107081377594,"standard_error":36.69615891332707},"slope":{"confidence_interval":{"confidence_level":0.95,"lower_bound":3711.3045109418863,"upper_bound":3807.334928019016},"point_estimate":3757.325898220024,"standard_error":24.51081544781762},"std_dev":{"confidence_interval":{"confidence_level":0.95,"lower_bound":225.24492520989426,"upper_bound":321.15817934232274},"point_estimate":275.7998196615697,"standard_error":24.513456839675783}}