{"mean":{"confidence_interval":{"confidence_level":0.95,"lower_bound":220991857.32725,"upper_bound":223760763.70325},"point_estimate":222334593.71,"standard_error":707591.3580272257},"median":{"confidence_interval":{"confidence_level":0.95,"lower_bound":220781567.0,"upper_bound":223027384.0},"point_estimate":221744045.0,"standard_error":611238.4537135317},"median_abs_dev":{"confidence_interval":{"confidence_level":0.95,"lower_bound":3404911.1710732435,"upper_bound":7505984.832242131},"point_estimate":5028374.951228499,"standard_error":1088950.763180418},"slope":null,"std_dev":{"confidence_interval":{"confidence_level":0.95,"lower_bound":5647857.474911954,"upper_bound":8515620.015069643},"point_estimate":7091302.2987765,"standard_error":737852.1692161583}}