{"mean":{"confidence_interval":{"confidence_level":0.95,"lower_bound":215310537.05575,"upper_bound":215368595.36625},"point_estimate":215339449.14,"standard_error":14841.132510700734},"median":{"confidence_interval":{"confidence_level":0.95,"lower_bound":215293906.0,"upper_bound":215363254.0},"point_estimate":215324003.0,"standard_error":18179.747413633093},"median_abs_dev":{"confidence_interval":{"confidence_level":0.95,"lower_bound":106104.49101626873,"upper_bound":185070.04511184973},"point_estimate":139365.88012576103,"standard_error":19461.06542386971},"slope":null,"std_dev":{"confidence_interval":{"confidence_level":0.95,"lower_bound":127610.59609451072,"upper_bound":168214.74362632705},"point_estimate":149157.33269764227,"standard_error":10371.676105935168}}