{"mean":{"confidence_interval":{"confidence_level":0.95,"lower_bound":7450156.265785711,"upper_bound":7558424.558107144},"point_estimate":7504476.81,"standard_error":27611.347374671328},"median":{"confidence_interval":{"confidence_level":0.95,"lower_bound":7423293.785714285,"upper_bound":7592356.857142857},"point_estimate":7510614.285714285,"standard_error":45981.13567067093},"median_abs_dev":{"confidence_interval":{"confidence_level":0.95,"lower_bound":264874.85139753186,"upper_bound":406271.9993872299},"point_estimate":349867.22468861553,"standard_error":37722.721728085126},"slope":null,"std_dev":{"confidence_interval":{"confidence_level":0.95,"lower_bound":246625.7842514605,"upper_bound":306001.8114973598},"point_estimate":278394.9708483524,"standard_error":15137.369394920206}}