{"mean":{"confidence_interval":{"confidence_level":0.95,"lower_bound":2595641.7254605256,"upper_bound":2666519.153723684},"point_estimate":2631549.0494736843,"standard_error":18042.7530466258},"median":{"confidence_interval":{"confidence_level":0.95,"lower_bound":2622154.447368421,"upper_bound":2726446.736842105},"point_estimate":2690181.6842105263,"standard_error":25780.14801295852},"median_abs_dev":{"confidence_interval":{"confidence_level":0.95,"lower_bound":120237.29723378243,"upper_bound":252148.7037076759},"point_estimate":212483.22401187927,"standard_error":35417.74652043311},"slope":null,"std_dev":{"confidence_interval":{"confidence_level":0.95,"lower_bound":163839.8908004533,"upper_bound":196304.74255403082},"point_estimate":181721.59041976018,"standard_error":8276.2364910272}}