{"mean":{"confidence_interval":{"confidence_level":0.95,"lower_bound":2886210.63,"upper_bound":2938010.4077083343},"point_estimate":2910679.2677777796,"standard_error":13226.969132017204},"median":{"confidence_interval":{"confidence_level":0.95,"lower_bound":2876584.111111111,"upper_bound":2921708.6666666665},"point_estimate":2894044.472222222,"standard_error":12180.74189138384},"median_abs_dev":{"confidence_interval":{"confidence_level":0.95,"lower_bound":61148.27094773459,"upper_bound":94496.22742235684},"point_estimate":77594.42298909032,"standard_error":8594.551911655948},"slope":null,"std_dev":{"confidence_interval":{"confidence_level":0.95,"lower_bound":86077.57209324843,"upper_bound":177833.87737547405},"point_estimate":132959.61874401264,"standard_error":23835.15653363233}}