{"mean":{"confidence_interval":{"confidence_level":0.95,"lower_bound":2401102.738535714,"upper_bound":2401872.3101071427},"point_estimate":2401453.3680952378,"standard_error":197.4897237551796},"median":{"confidence_interval":{"confidence_level":0.95,"lower_bound":2400916.285714286,"upper_bound":2401611.523809524},"point_estimate":2401328.238095238,"standard_error":183.69510198280344},"median_abs_dev":{"confidence_interval":{"confidence_level":0.95,"lower_bound":1087.2752806968572,"upper_bound":1758.9283687729435},"point_estimate":1440.6988744228438,"standard_error":173.9993636017685},"slope":null,"std_dev":{"confidence_interval":{"confidence_level":0.95,"lower_bound":1265.2636866413611,"upper_bound":2835.390809999281},"point_estimate":1985.8863898119225,"standard_error":472.9415557242477}}