{"mean":{"confidence_interval":{"confidence_level":0.95,"lower_bound":2165458.269130435,"upper_bound":2208918.050456522},"point_estimate":2186558.965217391,"standard_error":11097.078884064964},"median":{"confidence_interval":{"confidence_level":0.95,"lower_bound":2119045.347826087,"upper_bound":2175879.8260869565},"point_estimate":2136344.3695652178,"standard_error":14420.640373566235},"median_abs_dev":{"confidence_interval":{"confidence_level":0.95,"lower_bound":43465.80242398014,"upper_bound":116640.61995964975},"point_estimate":67211.67151979767,"standard_error":18164.403602764985},"slope":null,"std_dev":{"confidence_interval":{"confidence_level":0.95,"lower_bound":90896.5535983648,"upper_bound":130069.49512589377},"point_estimate":111986.80658347631,"standard_error":9996.932682739865}}