{"mean":{"confidence_interval":{"confidence_level":0.95,"lower_bound":2516612.1968289455,"upper_bound":2579504.4230789477},"point_estimate":2546996.0657894732,"standard_error":16101.229856342605},"median":{"confidence_interval":{"confidence_level":0.95,"lower_bound":2487202.236842105,"upper_bound":2544611.1842105263},"point_estimate":2513624.1842105263,"standard_error":18427.661170556334},"median_abs_dev":{"confidence_interval":{"confidence_level":0.95,"lower_bound":102354.56650915924,"upper_bound":169174.52799128895},"point_estimate":142130.22679247384,"standard_error":17886.952332861198},"slope":null,"std_dev":{"confidence_interval":{"confidence_level":0.95,"lower_bound":126718.04802824192,"upper_bound":192101.90910308567},"point_estimate":161214.61588612877,"standard_error":16762.175570790823}}