{"mean":{"confidence_interval":{"confidence_level":0.95,"lower_bound":2404669.7741428576,"upper_bound":2475320.294095237},"point_estimate":2438799.4438095237,"standard_error":18032.020349665116},"median":{"confidence_interval":{"confidence_level":0.95,"lower_bound":2366578.880952381,"upper_bound":2445662.619047619},"point_estimate":2408648.1666666665,"standard_error":21120.03536572396},"median_abs_dev":{"confidence_interval":{"confidence_level":0.95,"lower_bound":125435.65317307207,"upper_bound":203717.39068329334},"point_estimate":159955.69906021882,"standard_error":18793.376090340607},"slope":null,"std_dev":{"confidence_interval":{"confidence_level":0.95,"lower_bound":144014.97227296425,"upper_bound":220655.60696487984},"point_estimate":181778.56009125814,"standard_error":20025.90947088328}}