{"mean":{"confidence_interval":{"confidence_level":0.95,"lower_bound":2556349.5815249984,"upper_bound":2557012.2365374994},"point_estimate":2556661.6639999975,"standard_error":169.5980915327676},"median":{"confidence_interval":{"confidence_level":0.95,"lower_bound":2556027.8,"upper_bound":2556726.0},"point_estimate":2556456.0,"standard_error":160.2693890282111},"median_abs_dev":{"confidence_interval":{"confidence_level":0.95,"lower_bound":915.5425487457325,"upper_bound":1389.937475323677},"point_estimate":1170.216159224234,"standard_error":119.70881939979664},"slope":null,"std_dev":{"confidence_interval":{"confidence_level":0.95,"lower_bound":1135.0657263133369,"upper_bound":2271.4593043349837},"point_estimate":1706.0031559125675,"standard_error":298.6804821289507}}