{"mean":{"confidence_interval":{"confidence_level":0.95,"lower_bound":2192155.812706522,"upper_bound":2192773.515217392},"point_estimate":2192458.0291304355,"standard_error":157.09408514785207},"median":{"confidence_interval":{"confidence_level":0.95,"lower_bound":2192179.434782609,"upper_bound":2192603.9130434785},"point_estimate":2192390.8695652173,"standard_error":111.02344043841954},"median_abs_dev":{"confidence_interval":{"confidence_level":0.95,"lower_bound":787.4861990628635,"upper_bound":1543.8377986784767},"point_estimate":1082.942589469503,"standard_error":196.74249737238068},"slope":null,"std_dev":{"confidence_interval":{"confidence_level":0.95,"lower_bound":1236.4388466283026,"upper_bound":1918.1437812838954},"point_estimate":1574.3065962695066,"standard_error":176.10916804970483}}