{"mean":{"confidence_interval":{"confidence_level":0.95,"lower_bound":2478760.1093095234,"upper_bound":2483027.8416071427},"point_estimate":2480344.9109523813,"standard_error":1180.8014639158241},"median":{"confidence_interval":{"confidence_level":0.95,"lower_bound":2478273.476190476,"upper_bound":2479816.3333333335},"point_estimate":2478921.095238095,"standard_error":396.4479645151853},"median_abs_dev":{"confidence_interval":{"confidence_level":0.95,"lower_bound":2687.874327280758,"upper_bound":4062.429827877355},"point_estimate":3266.803142002404,"standard_error":349.3426974201399},"slope":null,"std_dev":{"confidence_interval":{"confidence_level":0.95,"lower_bound":2679.3085207185177,"upper_bound":19880.11559105088},"point_estimate":11822.815139465247,"standard_error":5970.410886058598}}