{"mean":{"confidence_interval":{"confidence_level":0.95,"lower_bound":22396.493935530434,"upper_bound":22900.28721587905},"point_estimate":22647.097014467603,"standard_error":128.26285257918911},"median":{"confidence_interval":{"confidence_level":0.95,"lower_bound":22297.013368983957,"upper_bound":22855.07706687437},"point_estimate":22548.61332131762,"standard_error":133.6078134317243},"median_abs_dev":{"confidence_interval":{"confidence_level":0.95,"lower_bound":872.2177168841853,"upper_bound":1387.8683064821678},"point_estimate":1146.399508843144,"standard_error":130.69572392400937},"slope":{"confidence_interval":{"confidence_level":0.95,"lower_bound":22552.28091385852,"upper_bound":23073.1189015311},"point_estimate":22809.795758023563,"standard_error":132.56850485760825},"std_dev":{"confidence_interval":{"confidence_level":0.95,"lower_bound":1083.1128085074738,"upper_bound":1495.692710428378},"point_estimate":1297.7563061448445,"standard_error":105.0620226295536}}