{"mean":{"confidence_interval":{"confidence_level":0.95,"lower_bound":24333.111548219607,"upper_bound":24834.883145731605},"point_estimate":24585.309225942023,"standard_error":127.65115523919815},"median":{"confidence_interval":{"confidence_level":0.95,"lower_bound":24336.537414965987,"upper_bound":24884.845238095237},"point_estimate":24636.65477888125,"standard_error":132.54465661924297},"median_abs_dev":{"confidence_interval":{"confidence_level":0.95,"lower_bound":1004.4015562159262,"upper_bound":1716.5260184698245},"point_estimate":1356.5102589812052,"standard_error":178.4745620536441},"slope":{"confidence_interval":{"confidence_level":0.95,"lower_bound":24507.718074492816,"upper_bound":25067.39032516036},"point_estimate":24789.609135792045,"standard_error":142.67880591844536},"std_dev":{"confidence_interval":{"confidence_level":0.95,"lower_bound":1123.2790801848053,"upper_bound":1431.264417009025},"point_estimate":1286.34018565501,"standard_error":78.5322133857937}}