{"mean":{"confidence_interval":{"confidence_level":0.95,"lower_bound":49243061.983125,"upper_bound":49840137.039375},"point_estimate":49532688.54,"standard_error":152787.19243376565},"median":{"confidence_interval":{"confidence_level":0.95,"lower_bound":48959251.25,"upper_bound":49635162.25},"point_estimate":49244239.0,"standard_error":201006.22291719986},"median_abs_dev":{"confidence_interval":{"confidence_level":0.95,"lower_bound":918220.4949483275,"upper_bound":1665978.687272966},"point_estimate":1108700.1211166382,"standard_error":193124.94014437604},"slope":null,"std_dev":{"confidence_interval":{"confidence_level":0.95,"lower_bound":1284353.925089201,"upper_bound":1751926.754816253},"point_estimate":1535732.941155539,"standard_error":119563.12314686803}}