{"mean":{"confidence_interval":{"confidence_level":0.95,"lower_bound":75291134.23725,"upper_bound":75305269.515},"point_estimate":75297424.28,"standard_error":3612.605530929295},"median":{"confidence_interval":{"confidence_level":0.95,"lower_bound":75287908.5,"upper_bound":75303493.5},"point_estimate":75296709.0,"standard_error":4375.97768958124},"median_abs_dev":{"confidence_interval":{"confidence_level":0.95,"lower_bound":20261.211240291595,"upper_bound":31358.472043275833},"point_estimate":25650.462144613266,"standard_error":2925.6850223008823},"slope":null,"std_dev":{"confidence_interval":{"confidence_level":0.95,"lower_bound":20368.744458314504,"upper_bound":54181.46665222084},"point_estimate":36208.1501794245,"standard_error":10367.488970720922}}