{"mean":{"confidence_interval":{"confidence_level":0.95,"lower_bound":69421922.946,"upper_bound":70526922.046},"point_estimate":69974782.37,"standard_error":282162.55770391505},"median":{"confidence_interval":{"confidence_level":0.95,"lower_bound":69411788.5,"upper_bound":70785186.0},"point_estimate":69970878.5,"standard_error":392659.51718038163},"median_abs_dev":{"confidence_interval":{"confidence_level":0.95,"lower_bound":2264387.541899085,"upper_bound":3948074.7739076614},"point_estimate":3048516.1354780197,"standard_error":437414.0718201576},"slope":null,"std_dev":{"confidence_interval":{"confidence_level":0.95,"lower_bound":2490688.7633444383,"upper_bound":3144178.321302168},"point_estimate":2838964.853083558,"standard_error":166251.47257684552}}