{"mean":{"confidence_interval":{"confidence_level":0.95,"lower_bound":3785.662457504221,"upper_bound":3786.8927215264007},"point_estimate":3786.2693071339368,"standard_error":0.3152339607632311},"median":{"confidence_interval":{"confidence_level":0.95,"lower_bound":3785.286130159141,"upper_bound":3786.6886850529427},"point_estimate":3785.97689153028,"standard_error":0.31732964801674396},"median_abs_dev":{"confidence_interval":{"confidence_level":0.95,"lower_bound":2.493584541973005,"upper_bound":3.784079501405719},"point_estimate":3.302699035884523,"standard_error":0.33055649334286186},"slope":{"confidence_interval":{"confidence_level":0.95,"lower_bound":3785.6018333325155,"upper_bound":3786.9732256832767},"point_estimate":3786.257667305525,"standard_error":0.3508048402496656},"std_dev":{"confidence_interval":{"confidence_level":0.95,"lower_bound":2.6300261913111056,"upper_bound":3.637416410891465},"point_estimate":3.1555469286044913,"standard_error":0.25687584679047815}}