{"mean":{"confidence_interval":{"confidence_level":0.95,"lower_bound":73805377.373,"upper_bound":74073138.2865},"point_estimate":73942972.35,"standard_error":68357.27288580925},"median":{"confidence_interval":{"confidence_level":0.95,"lower_bound":73961629.0,"upper_bound":74292648.0},"point_estimate":74130588.5,"standard_error":80381.24380788705},"median_abs_dev":{"confidence_interval":{"confidence_level":0.95,"lower_bound":403955.34161835926,"upper_bound":717546.7708159982},"point_estimate":548822.1865564585,"standard_error":78935.98209431313},"slope":null,"std_dev":{"confidence_interval":{"confidence_level":0.95,"lower_bound":566609.4910645691,"upper_bound":786651.691780884},"point_estimate":684939.2734977781,"standard_error":55756.15471454683}}