{"mean":{"confidence_interval":{"confidence_level":0.95,"lower_bound":69815731.4135,"upper_bound":70706168.3845},"point_estimate":70258931.97,"standard_error":227185.62257561533},"median":{"confidence_interval":{"confidence_level":0.95,"lower_bound":69598342.0,"upper_bound":71131289.0},"point_estimate":70654775.0,"standard_error":453917.029255351},"median_abs_dev":{"confidence_interval":{"confidence_level":0.95,"lower_bound":2058876.2052476406,"upper_bound":3104066.191291809},"point_estimate":2678918.0467396975,"standard_error":263447.7288319799},"slope":null,"std_dev":{"confidence_interval":{"confidence_level":0.95,"lower_bound":2023531.9276605123,"upper_bound":2503623.948715031},"point_estimate":2279121.038335615,"standard_error":123007.46929425118}}