{"mean":{"confidence_interval":{"confidence_level":0.95,"lower_bound":2002165.8785800023,"upper_bound":2002706.4784300027},"point_estimate":2002425.1192000022,"standard_error":137.52089978272465},"median":{"confidence_interval":{"confidence_level":0.95,"lower_bound":2002141.8,"upper_bound":2002675.8},"point_estimate":2002467.8,"standard_error":151.78160801528094},"median_abs_dev":{"confidence_interval":{"confidence_level":0.95,"lower_bound":937.0031833648682,"upper_bound":1470.7391738891602},"point_estimate":1233.523178100586,"standard_error":133.75254634857976},"slope":null,"std_dev":{"confidence_interval":{"confidence_level":0.95,"lower_bound":998.4130120937431,"upper_bound":1771.9918968143522},"point_estimate":1381.9548632951842,"standard_error":202.54330465010437}}