{"mean":{"confidence_interval":{"confidence_level":0.95,"lower_bound":2319614.579102272,"upper_bound":2321905.2388522723},"point_estimate":2320531.9254545458,"standard_error":604.0433952411814},"median":{"confidence_interval":{"confidence_level":0.95,"lower_bound":2319287.409090909,"upper_bound":2319748.75},"point_estimate":2319557.840909091,"standard_error":114.47190924626679},"median_abs_dev":{"confidence_interval":{"confidence_level":0.95,"lower_bound":825.5386217073019,"upper_bound":1705.0236651843018},"point_estimate":1172.6017973637552,"standard_error":230.78456806159286},"slope":null,"std_dev":{"confidence_interval":{"confidence_level":0.95,"lower_bound":1265.1032249008967,"upper_bound":9868.543809890509},"point_estimate":6048.420196561794,"standard_error":2509.219843540431}}