{"mean":{"confidence_interval":{"confidence_level":0.95,"lower_bound":2383459.0785340914,"upper_bound":2433366.214897726},"point_estimate":2408372.7418181817,"standard_error":12762.470884798355},"median":{"confidence_interval":{"confidence_level":0.95,"lower_bound":2365050.7954545454,"upper_bound":2427592.090909091},"point_estimate":2395997.75,"standard_error":17186.692013758002},"median_abs_dev":{"confidence_interval":{"confidence_level":0.95,"lower_bound":93844.19792484147,"upper_bound":171210.98191494294},"point_estimate":132280.46746064324,"standard_error":19887.847076822698},"slope":null,"std_dev":{"confidence_interval":{"confidence_level":0.95,"lower_bound":112650.90794069474,"upper_bound":141519.7373048443},"point_estimate":128303.7292107851,"standard_error":7342.086548639692}}