{"mean":{"confidence_interval":{"confidence_level":0.95,"lower_bound":2289948.980204545,"upper_bound":2339066.1327840905},"point_estimate":2313993.0854545454,"standard_error":12514.403646513038},"median":{"confidence_interval":{"confidence_level":0.95,"lower_bound":2284948.0227272725,"upper_bound":2333811.909090909},"point_estimate":2309754.9772727275,"standard_error":12227.335042666527},"median_abs_dev":{"confidence_interval":{"confidence_level":0.95,"lower_bound":79548.632024093,"upper_bound":159730.77227784804},"point_estimate":118264.91078219618,"standard_error":19622.550333500218},"slope":null,"std_dev":{"confidence_interval":{"confidence_level":0.95,"lower_bound":104273.55217893301,"upper_bound":147698.04592176605},"point_estimate":126330.46947904775,"standard_error":11159.251010176156}}