{"mean":{"confidence_interval":{"confidence_level":0.95,"lower_bound":2309094.665836957,"upper_bound":2390343.840065218},"point_estimate":2348901.1686956524,"standard_error":20714.787838485758},"median":{"confidence_interval":{"confidence_level":0.95,"lower_bound":2300962.9130434785,"upper_bound":2360256.347826087},"point_estimate":2333439.0,"standard_error":14170.84744990401},"median_abs_dev":{"confidence_interval":{"confidence_level":0.95,"lower_bound":161306.87713623012,"upper_bound":273320.4959606347},"point_estimate":195258.41653347015,"standard_error":30779.569171935473},"slope":null,"std_dev":{"confidence_interval":{"confidence_level":0.95,"lower_bound":172609.51308805423,"upper_bound":240566.43949866723},"point_estimate":207801.11129648203,"standard_error":17480.35003219898}}