{"mean":{"confidence_interval":{"confidence_level":0.95,"lower_bound":2730316.793552632,"upper_bound":2736088.281},"point_estimate":2732912.0731578954,"standard_error":1484.5761223702493},"median":{"confidence_interval":{"confidence_level":0.95,"lower_bound":2731229.1842105263,"upper_bound":2732632.736842105},"point_estimate":2731671.3157894737,"standard_error":365.06240702882076},"median_abs_dev":{"confidence_interval":{"confidence_level":0.95,"lower_bound":2189.4870594187546,"upper_bound":4159.824384042891},"point_estimate":3187.004706577378,"standard_error":508.205334523905},"slope":null,"std_dev":{"confidence_interval":{"confidence_level":0.95,"lower_bound":6221.688709689159,"upper_bound":21770.24309208571},"point_estimate":14893.409743674989,"standard_error":4028.7727637049484}}