{"mean":{"confidence_interval":{"confidence_level":0.95,"lower_bound":2655008.806539473,"upper_bound":2718560.418736841},"point_estimate":2686053.85631579,"standard_error":16144.122686797027},"median":{"confidence_interval":{"confidence_level":0.95,"lower_bound":2616413.3947368423,"upper_bound":2692502.552631579},"point_estimate":2649591.5263157897,"standard_error":20591.27414383833},"median_abs_dev":{"confidence_interval":{"confidence_level":0.95,"lower_bound":100664.20746022167,"upper_bound":168165.18953552365},"point_estimate":128764.1978718734,"standard_error":16965.45739508},"slope":null,"std_dev":{"confidence_interval":{"confidence_level":0.95,"lower_bound":133640.04688194243,"upper_bound":188740.73396605498},"point_estimate":163366.63149592374,"standard_error":14052.211223795046}}