{"mean":{"confidence_interval":{"confidence_level":0.95,"lower_bound":2429251.384875,"upper_bound":2482506.607275},"point_estimate":2456105.154000001,"standard_error":13596.05576698978},"median":{"confidence_interval":{"confidence_level":0.95,"lower_bound":2429840.575,"upper_bound":2517128.55},"point_estimate":2485330.6500000004,"standard_error":23250.484577993335},"median_abs_dev":{"confidence_interval":{"confidence_level":0.95,"lower_bound":106950.39491762544,"upper_bound":187404.67675790135},"point_estimate":137758.8529492914,"standard_error":21983.219795030393},"slope":null,"std_dev":{"confidence_interval":{"confidence_level":0.95,"lower_bound":120173.77834286971,"upper_bound":151500.8177805596},"point_estimate":136612.8380443718,"standard_error":8026.28166151445}}