{"mean":{"confidence_interval":{"confidence_level":0.95,"lower_bound":2510827.6761124996,"upper_bound":2540727.7532125},"point_estimate":2525675.9779999997,"standard_error":7647.670558863358},"median":{"confidence_interval":{"confidence_level":0.95,"lower_bound":2489025.5,"upper_bound":2540096.809999999},"point_estimate":2511987.9,"standard_error":13666.258795134152},"median_abs_dev":{"confidence_interval":{"confidence_level":0.95,"lower_bound":60563.61588478102,"upper_bound":104126.05216064301},"point_estimate":87220.76341152204,"standard_error":11666.055986675974},"slope":null,"std_dev":{"confidence_interval":{"confidence_level":0.95,"lower_bound":68201.37341920401,"upper_bound":84312.3366855467},"point_estimate":76808.84130358242,"standard_error":4118.882221181496}}