{"mean":{"confidence_interval":{"confidence_level":0.95,"lower_bound":2357772.0160833327,"upper_bound":2416368.5283928565},"point_estimate":2386048.3519047624,"standard_error":14936.516952419624},"median":{"confidence_interval":{"confidence_level":0.95,"lower_bound":2332505.285714286,"upper_bound":2390707.0},"point_estimate":2359866.904761905,"standard_error":13649.73345574809},"median_abs_dev":{"confidence_interval":{"confidence_level":0.95,"lower_bound":96480.7933871233,"upper_bound":156550.1845706785},"point_estimate":128906.98451144344,"standard_error":15035.061486253091},"slope":null,"std_dev":{"confidence_interval":{"confidence_level":0.95,"lower_bound":117464.79712879768,"upper_bound":183557.48590239135},"point_estimate":150051.2339100428,"standard_error":17079.50822127084}}