{"mean":{"confidence_interval":{"confidence_level":0.95,"lower_bound":2626489.778421053,"upper_bound":2688613.204381578},"point_estimate":2656771.421052631,"standard_error":15828.4759609624},"median":{"confidence_interval":{"confidence_level":0.95,"lower_bound":2591219.1578947366,"upper_bound":2658916.3157894737},"point_estimate":2628146.7105263155,"standard_error":16562.401015406514},"median_abs_dev":{"confidence_interval":{"confidence_level":0.95,"lower_bound":89054.6693505424,"upper_bound":180711.61378120125},"point_estimate":143456.1393584072,"standard_error":24708.280247033967},"slope":null,"std_dev":{"confidence_interval":{"confidence_level":0.95,"lower_bound":131409.479161594,"upper_bound":181046.84383302904},"point_estimate":158202.36339982858,"standard_error":12646.24587963212}}