{"mean":{"confidence_interval":{"confidence_level":0.95,"lower_bound":2242364.606195652,"upper_bound":2245569.091097825},"point_estimate":2243820.1999999993,"standard_error":819.8616473320302},"median":{"confidence_interval":{"confidence_level":0.95,"lower_bound":2240680.652173913,"upper_bound":2241278.4782608696},"point_estimate":2240987.173913044,"standard_error":137.2192991978799},"median_abs_dev":{"confidence_interval":{"confidence_level":0.95,"lower_bound":686.5082486817639,"upper_bound":1405.2791620077694},"point_estimate":934.7148225357644,"standard_error":179.84346447849867},"slope":null,"std_dev":{"confidence_interval":{"confidence_level":0.95,"lower_bound":4344.236122862195,"upper_bound":11380.99431915799},"point_estimate":8215.790366019217,"standard_error":1780.582977408214}}