{"mean":{"confidence_interval":{"confidence_level":0.95,"lower_bound":79834372.42025,"upper_bound":81326763.75875},"point_estimate":80549843.77,"standard_error":380598.38100142847},"median":{"confidence_interval":{"confidence_level":0.95,"lower_bound":78320222.0,"upper_bound":80688788.5},"point_estimate":79312742.0,"standard_error":593248.6065007005},"median_abs_dev":{"confidence_interval":{"confidence_level":0.95,"lower_bound":1909871.2013930082,"upper_bound":4184265.551814437},"point_estimate":3103745.2083975077,"standard_error":565861.7153209465},"slope":null,"std_dev":{"confidence_interval":{"confidence_level":0.95,"lower_bound":2910724.867135603,"upper_bound":4864235.002658502},"point_estimate":3837704.2660690914,"standard_error":518656.75122832856}}