{"mean":{"confidence_interval":{"confidence_level":0.95,"lower_bound":92130930.36775,"upper_bound":93492698.40475},"point_estimate":92805578.49,"standard_error":347516.8243580459},"median":{"confidence_interval":{"confidence_level":0.95,"lower_bound":91427123.0,"upper_bound":93636070.0},"point_estimate":92789380.5,"standard_error":578954.053035987},"median_abs_dev":{"confidence_interval":{"confidence_level":0.95,"lower_bound":2665431.5946116312,"upper_bound":4110223.7678289413},"point_estimate":3386290.215781331,"standard_error":364116.72992730874},"slope":null,"std_dev":{"confidence_interval":{"confidence_level":0.95,"lower_bound":2998687.069604323,"upper_bound":3938902.4391942266},"point_estimate":3493351.4430875243,"standard_error":239796.87983772767}}