{"mean":{"confidence_interval":{"confidence_level":0.95,"lower_bound":103610995.4255,"upper_bound":103693345.9605},"point_estimate":103655402.92,"standard_error":21082.169768971005},"median":{"confidence_interval":{"confidence_level":0.95,"lower_bound":103664144.0,"upper_bound":103713142.0},"point_estimate":103693543.5,"standard_error":14219.564404182747},"median_abs_dev":{"confidence_interval":{"confidence_level":0.95,"lower_bound":77396.16642594337,"upper_bound":125065.48061214387},"point_estimate":95409.01480615139,"standard_error":11950.707509953643},"slope":null,"std_dev":{"confidence_interval":{"confidence_level":0.95,"lower_bound":128989.41915789881,"upper_bound":286000.19376505987},"point_estimate":212119.4401066655,"standard_error":40292.73817389912}}