{"mean":{"confidence_interval":{"confidence_level":0.95,"lower_bound":557657.1310000345,"upper_bound":564522.4771116987},"point_estimate":561163.971782515,"standard_error":1748.8477579350183},"median":{"confidence_interval":{"confidence_level":0.95,"lower_bound":560218.2963113275,"upper_bound":569742.5602409638},"point_estimate":564596.5985485103,"standard_error":2114.487773481557},"median_abs_dev":{"confidence_interval":{"confidence_level":0.95,"lower_bound":12467.481868532512,"upper_bound":20840.886343043727},"point_estimate":16685.276040431032,"standard_error":2069.7595773003004},"slope":{"confidence_interval":{"confidence_level":0.95,"lower_bound":562561.2471239852,"upper_bound":568165.2427669674},"point_estimate":565447.269243387,"standard_error":1429.3369568599483},"std_dev":{"confidence_interval":{"confidence_level":0.95,"lower_bound":14678.416277959637,"upper_bound":20263.786519090747},"point_estimate":17601.938147123667,"standard_error":1429.3153300655317}}