{"mean":{"confidence_interval":{"confidence_level":0.95,"lower_bound":509277.49174442195,"upper_bound":523291.6659737675},"point_estimate":515993.2772898186,"standard_error":3578.864948246166},"median":{"confidence_interval":{"confidence_level":0.95,"lower_bound":500109.84375,"upper_bound":521392.1111111111},"point_estimate":511445.1248618276,"standard_error":4964.690699236404},"median_abs_dev":{"confidence_interval":{"confidence_level":0.95,"lower_bound":22976.291207110422,"upper_bound":35684.394496051165},"point_estimate":29376.830093052085,"standard_error":3162.6078725544035},"slope":{"confidence_interval":{"confidence_level":0.95,"lower_bound":503190.66640580056,"upper_bound":515665.0508150449},"point_estimate":509450.0190438895,"standard_error":3182.7753936249806},"std_dev":{"confidence_interval":{"confidence_level":0.95,"lower_bound":26636.82506366059,"upper_bound":46525.41041969687},"point_estimate":36061.45660430885,"standard_error":5266.8106504021935}}