{"mean":{"confidence_interval":{"confidence_level":0.95,"lower_bound":8878.264744560534,"upper_bound":9100.359847050575},"point_estimate":8984.902606022833,"standard_error":56.554574202389354},"median":{"confidence_interval":{"confidence_level":0.95,"lower_bound":8825.95497835498,"upper_bound":9110.351272727272},"point_estimate":9002.995555555557,"standard_error":85.28458772310822},"median_abs_dev":{"confidence_interval":{"confidence_level":0.95,"lower_bound":392.99344461766407,"upper_bound":635.5362935206597},"point_estimate":536.776703286187,"standard_error":62.17717516476188},"slope":{"confidence_interval":{"confidence_level":0.95,"lower_bound":8663.953427273147,"upper_bound":8874.71791573863},"point_estimate":8766.477163668605,"standard_error":53.77746584399365},"std_dev":{"confidence_interval":{"confidence_level":0.95,"lower_bound":420.58548317362835,"upper_bound":750.5067475360364},"point_estimate":568.0192415442862,"standard_error":93.13502864990795}}