{"mean":{"confidence_interval":{"confidence_level":0.95,"lower_bound":607237940.55425,"upper_bound":615119338.99825},"point_estimate":611125955.74,"standard_error":2017453.392138385},"median":{"confidence_interval":{"confidence_level":0.95,"lower_bound":604524382.0,"upper_bound":613486800.7499993},"point_estimate":608348204.5,"standard_error":2193169.0961492336},"median_abs_dev":{"confidence_interval":{"confidence_level":0.95,"lower_bound":14589107.689091563,"upper_bound":23532311.592417955},"point_estimate":19266975.9914428,"standard_error":2294420.992997598},"slope":null,"std_dev":{"confidence_interval":{"confidence_level":0.95,"lower_bound":16782314.295007363,"upper_bound":23551104.710651185},"point_estimate":20244711.44690504,"standard_error":1735400.4794864166}}