{"mean":{"confidence_interval":{"confidence_level":0.95,"lower_bound":69600.37725230718,"upper_bound":69789.11821092684},"point_estimate":69700.06592661793,"standard_error":48.354105251284615},"median":{"confidence_interval":{"confidence_level":0.95,"lower_bound":69790.60681818181,"upper_bound":69875.65717312662},"point_estimate":69848.10612068966,"standard_error":19.819390574406917},"median_abs_dev":{"confidence_interval":{"confidence_level":0.95,"lower_bound":110.37960279140896,"upper_bound":215.31115047094005},"point_estimate":146.48697482538478,"standard_error":25.897676733083387},"slope":{"confidence_interval":{"confidence_level":0.95,"lower_bound":69705.1171336557,"upper_bound":69817.12000597372},"point_estimate":69765.468079602,"standard_error":28.540696115461927},"std_dev":{"confidence_interval":{"confidence_level":0.95,"lower_bound":327.047503676384,"upper_bound":623.3160070247437},"point_estimate":485.6662606136781,"standard_error":76.02990850510739}}