{"mean":{"confidence_interval":{"confidence_level":0.95,"lower_bound":63150.26756076119,"upper_bound":64133.87658287892},"point_estimate":63635.7418478844,"standard_error":250.9239552773487},"median":{"confidence_interval":{"confidence_level":0.95,"lower_bound":63153.08203125,"upper_bound":64171.244318181816},"point_estimate":63653.36264993687,"standard_error":226.97899609806504},"median_abs_dev":{"confidence_interval":{"confidence_level":0.95,"lower_bound":1389.519278892609,"upper_bound":2192.917537991666},"point_estimate":1795.9501859576192,"standard_error":202.3433820970364},"slope":{"confidence_interval":{"confidence_level":0.95,"lower_bound":63236.86100398059,"upper_bound":64853.29691009013},"point_estimate":64039.79720555637,"standard_error":410.1860979318164},"std_dev":{"confidence_interval":{"confidence_level":0.95,"lower_bound":1974.9446389465134,"upper_bound":3031.4907202142617},"point_estimate":2523.840562752117,"standard_error":270.2716273600143}}