{"mean":{"confidence_interval":{"confidence_level":0.95,"lower_bound":73236.34068528986,"upper_bound":73449.35382770485},"point_estimate":73312.91580046178,"standard_error":62.58237529533919},"median":{"confidence_interval":{"confidence_level":0.95,"lower_bound":73244.15531347675,"upper_bound":73276.35714285714},"point_estimate":73255.95445134575,"standard_error":8.833981412929006},"median_abs_dev":{"confidence_interval":{"confidence_level":0.95,"lower_bound":58.23869539464302,"upper_bound":112.96137453598519},"point_estimate":89.05694007449046,"standard_error":14.208060956546229},"slope":{"confidence_interval":{"confidence_level":0.95,"lower_bound":73264.74896182732,"upper_bound":73315.88136088973},"point_estimate":73289.2491806878,"standard_error":13.037166053075204},"std_dev":{"confidence_interval":{"confidence_level":0.95,"lower_bound":83.2824394979628,"upper_bound":1074.3856284094988},"point_estimate":630.3411983284916,"standard_error":350.0410902813993}}