{"mean":{"confidence_interval":{"confidence_level":0.95,"lower_bound":79115.11937169841,"upper_bound":80036.30330186724},"point_estimate":79582.5113241871,"standard_error":235.01481051921476},"median":{"confidence_interval":{"confidence_level":0.95,"lower_bound":79267.59396299903,"upper_bound":80310.27712031559},"point_estimate":79581.60276235791,"standard_error":229.85666653158816},"median_abs_dev":{"confidence_interval":{"confidence_level":0.95,"lower_bound":1729.128868012236,"upper_bound":2640.5586334219},"point_estimate":2362.469850215023,"standard_error":231.60506378068274},"slope":{"confidence_interval":{"confidence_level":0.95,"lower_bound":79537.64405875854,"upper_bound":80596.63597605644},"point_estimate":80039.67123051915,"standard_error":270.15676201020636},"std_dev":{"confidence_interval":{"confidence_level":0.95,"lower_bound":1852.0359459239864,"upper_bound":2869.2734994924526},"point_estimate":2355.1963203024848,"standard_error":262.13385783640996}}