{"mean":{"confidence_interval":{"confidence_level":0.95,"lower_bound":159815.6578530792,"upper_bound":163483.47610006368},"point_estimate":161541.30967588173,"standard_error":936.405527124275},"median":{"confidence_interval":{"confidence_level":0.95,"lower_bound":157752.38095238095,"upper_bound":160711.65406423033},"point_estimate":159552.55117943283,"standard_error":786.955626961731},"median_abs_dev":{"confidence_interval":{"confidence_level":0.95,"lower_bound":4125.226516943885,"upper_bound":7127.968806930565},"point_estimate":5811.7186607824015,"standard_error":804.8680801768717},"slope":{"confidence_interval":{"confidence_level":0.95,"lower_bound":159614.03839343195,"upper_bound":163202.53614565858},"point_estimate":161282.19083451203,"standard_error":914.6728334130485},"std_dev":{"confidence_interval":{"confidence_level":0.95,"lower_bound":6609.178577259949,"upper_bound":11684.045244696259},"point_estimate":9338.057806179846,"standard_error":1296.4040294753875}}