{"mean":{"confidence_interval":{"confidence_level":0.95,"lower_bound":367206.3318491627,"upper_bound":379631.6160758451},"point_estimate":373062.21070841176,"standard_error":3181.7826184103874},"median":{"confidence_interval":{"confidence_level":0.95,"lower_bound":361173.2816666666,"upper_bound":371881.68137254904},"point_estimate":368664.61615550175,"standard_error":3172.4694440666794},"median_abs_dev":{"confidence_interval":{"confidence_level":0.95,"lower_bound":15912.588676982728,"upper_bound":28369.848739036068},"point_estimate":20450.78568920217,"standard_error":2942.3961082286},"slope":{"confidence_interval":{"confidence_level":0.95,"lower_bound":366231.43381041463,"upper_bound":374744.91160964424},"point_estimate":370400.1685168218,"standard_error":2174.403462978866},"std_dev":{"confidence_interval":{"confidence_level":0.95,"lower_bound":21871.881127231518,"upper_bound":41561.96538324042},"point_estimate":31941.68069565644,"standard_error":5102.645990815543}}