{"mean":{"confidence_interval":{"confidence_level":0.95,"lower_bound":3556.8761111836498,"upper_bound":3743.683280524671},"point_estimate":3641.01612858784,"standard_error":47.833898637874405},"median":{"confidence_interval":{"confidence_level":0.95,"lower_bound":3496.601436781609,"upper_bound":3581.072668879464},"point_estimate":3536.998302164707,"standard_error":24.18471838975513},"median_abs_dev":{"confidence_interval":{"confidence_level":0.95,"lower_bound":161.54891155491225,"upper_bound":277.6455838595497},"point_estimate":209.1225491623486,"standard_error":29.974486331485654},"slope":{"confidence_interval":{"confidence_level":0.95,"lower_bound":3474.399253702676,"upper_bound":3581.1198498433937},"point_estimate":3526.049131128244,"standard_error":27.18170470693656},"std_dev":{"confidence_interval":{"confidence_level":0.95,"lower_bound":260.82593427220576,"upper_bound":685.2744863623836},"point_estimate":481.93460601690646,"standard_error":111.83913898166965}}