{"mean":{"confidence_interval":{"confidence_level":0.95,"lower_bound":4202.821572020094,"upper_bound":4286.772359674811},"point_estimate":4244.383590657806,"standard_error":21.434516843232124},"median":{"confidence_interval":{"confidence_level":0.95,"lower_bound":4149.520315717227,"upper_bound":4291.397163120568},"point_estimate":4221.611863313991,"standard_error":30.756761594203912},"median_abs_dev":{"confidence_interval":{"confidence_level":0.95,"lower_bound":145.70006708603378,"upper_bound":246.34543647032504},"point_estimate":174.289093344606,"standard_error":26.073781218203436},"slope":{"confidence_interval":{"confidence_level":0.95,"lower_bound":4198.40929538365,"upper_bound":4305.6323172920775},"point_estimate":4252.831528361982,"standard_error":27.322646412523756},"std_dev":{"confidence_interval":{"confidence_level":0.95,"lower_bound":183.27327192183276,"upper_bound":243.19957004031852},"point_estimate":215.08253206552536,"standard_error":15.26570521902782}}