{"mean":{"confidence_interval":{"confidence_level":0.95,"lower_bound":16376289.019562501,"upper_bound":16685337.6533125},"point_estimate":16524005.4075,"standard_error":78692.68504803823},"median":{"confidence_interval":{"confidence_level":0.95,"lower_bound":16219424.5,"upper_bound":16503600.0},"point_estimate":16339374.625,"standard_error":75257.32904802439},"median_abs_dev":{"confidence_interval":{"confidence_level":0.95,"lower_bound":376930.2869081497,"upper_bound":669273.6121930182},"point_estimate":564278.4766070545,"standard_error":73030.9401928632},"slope":null,"std_dev":{"confidence_interval":{"confidence_level":0.95,"lower_bound":581283.8090852408,"upper_bound":976467.8067845023},"point_estimate":789020.751135209,"standard_error":101364.98680141197}}