{"mean":{"confidence_interval":{"confidence_level":0.95,"lower_bound":2258243.7038369565,"upper_bound":2258655.5774565223},"point_estimate":2258442.7895652177,"standard_error":105.04806265462571},"median":{"confidence_interval":{"confidence_level":0.95,"lower_bound":2258056.434782609,"upper_bound":2258478.1739130435},"point_estimate":2258173.8260869565,"standard_error":111.17827946393095},"median_abs_dev":{"confidence_interval":{"confidence_level":0.95,"lower_bound":602.7735806033892,"upper_bound":1021.7047644699602},"point_estimate":747.7460736813152,"standard_error":105.89867359895487},"slope":null,"std_dev":{"confidence_interval":{"confidence_level":0.95,"lower_bound":844.3627464474839,"upper_bound":1246.4252947879202},"point_estimate":1053.1603105208314,"standard_error":102.47425778662566}}