{"mean":{"confidence_interval":{"confidence_level":0.95,"lower_bound":2599049.118062501,"upper_bound":2607656.1954624983},"point_estimate":2603372.426,"standard_error":2202.5234755743086},"median":{"confidence_interval":{"confidence_level":0.95,"lower_bound":2597277.5,"upper_bound":2610313.3},"point_estimate":2604412.95,"standard_error":3278.6044610230547},"median_abs_dev":{"confidence_interval":{"confidence_level":0.95,"lower_bound":20401.76171779674,"upper_bound":31577.56325438605},"point_estimate":28074.69842657447,"standard_error":2836.855027179952},"slope":null,"std_dev":{"confidence_interval":{"confidence_level":0.95,"lower_bound":19682.09460535233,"upper_bound":24351.32105592792},"point_estimate":22179.3016547922,"standard_error":1191.752568796464}}