{"mean":{"confidence_interval":{"confidence_level":0.95,"lower_bound":2152107.621282609,"upper_bound":2211445.348663043},"point_estimate":2180879.123043478,"standard_error":15088.130022316509},"median":{"confidence_interval":{"confidence_level":0.95,"lower_bound":2126606.565217391,"upper_bound":2179724.2608695654},"point_estimate":2149134.934782609,"standard_error":14434.705074993946},"median_abs_dev":{"confidence_interval":{"confidence_level":0.95,"lower_bound":96450.15452245012,"upper_bound":158536.5601208484},"point_estimate":121128.99799735678,"standard_error":15374.015101173436},"slope":null,"std_dev":{"confidence_interval":{"confidence_level":0.95,"lower_bound":121629.43803032991,"upper_bound":176968.9787260919},"point_estimate":150428.77473377806,"standard_error":14149.567245124565}}