{"mean":{"confidence_interval":{"confidence_level":0.95,"lower_bound":2628343.6529624998,"upper_bound":2629076.6504750005},"point_estimate":2628698.4250000003,"standard_error":186.5617490664717},"median":{"confidence_interval":{"confidence_level":0.95,"lower_bound":2627888.05,"upper_bound":2628893.1},"point_estimate":2628340.55,"standard_error":242.19815291852473},"median_abs_dev":{"confidence_interval":{"confidence_level":0.95,"lower_bound":1312.0120207071243,"upper_bound":2072.0446582134396},"point_estimate":1768.111663609674,"standard_error":192.00256852687556},"slope":null,"std_dev":{"confidence_interval":{"confidence_level":0.95,"lower_bound":1505.2148903364923,"upper_bound":2235.1146375176263},"point_estimate":1882.8752534958853,"standard_error":187.549986493251}}