{"mean":{"confidence_interval":{"confidence_level":0.95,"lower_bound":2498107.689650001,"upper_bound":2547301.6587874996},"point_estimate":2523267.2965,"standard_error":12522.562623745893},"median":{"confidence_interval":{"confidence_level":0.95,"lower_bound":2518502.525,"upper_bound":2585525.825},"point_estimate":2562480.55,"standard_error":17176.304676270032},"median_abs_dev":{"confidence_interval":{"confidence_level":0.95,"lower_bound":79872.33077198321,"upper_bound":133035.3459572752},"point_estimate":107248.83580595235,"standard_error":13071.753724432008},"slope":null,"std_dev":{"confidence_interval":{"confidence_level":0.95,"lower_bound":106154.97954372468,"upper_bound":142472.0623532942},"point_estimate":125644.64624121781,"standard_error":9257.0365931511}}