{"mean":{"confidence_interval":{"confidence_level":0.95,"lower_bound":2343569.175988636,"upper_bound":2344254.7053977293},"point_estimate":2343869.437727273,"standard_error":176.1544069847916},"median":{"confidence_interval":{"confidence_level":0.95,"lower_bound":2343399.727272727,"upper_bound":2343763.3636363638},"point_estimate":2343624.7272727275,"standard_error":87.19114017137149},"median_abs_dev":{"confidence_interval":{"confidence_level":0.95,"lower_bound":491.95362762961946,"upper_bound":853.5058484833634},"point_estimate":641.2581840699055,"standard_error":90.43979619724199},"slope":null,"std_dev":{"confidence_interval":{"confidence_level":0.95,"lower_bound":726.662713645597,"upper_bound":2639.667769073059},"point_estimate":1770.3776951703917,"standard_error":510.96907180208535}}