{"mean":{"confidence_interval":{"confidence_level":0.95,"lower_bound":2235118.333821429,"upper_bound":2294791.452071429},"point_estimate":2263417.6128571425,"standard_error":15200.329889693081},"median":{"confidence_interval":{"confidence_level":0.95,"lower_bound":2191728.095238095,"upper_bound":2257917.2857142854},"point_estimate":2229230.0476190476,"standard_error":17656.32280231212},"median_abs_dev":{"confidence_interval":{"confidence_level":0.95,"lower_bound":83181.730423229,"upper_bound":157347.85777401715},"point_estimate":117135.03482043743,"standard_error":19556.232880983935},"slope":null,"std_dev":{"confidence_interval":{"confidence_level":0.95,"lower_bound":107980.7407043881,"upper_bound":198659.68273279682},"point_estimate":152723.09288504222,"standard_error":23710.769463331995}}