{"mean":{"confidence_interval":{"confidence_level":0.95,"lower_bound":2578447.0043500005,"upper_bound":2646905.4754000003},"point_estimate":2611957.4289999995,"standard_error":17459.212188676916},"median":{"confidence_interval":{"confidence_level":0.95,"lower_bound":2548268.5,"upper_bound":2632194.05},"point_estimate":2599723.85,"standard_error":19193.420927961582},"median_abs_dev":{"confidence_interval":{"confidence_level":0.95,"lower_bound":127922.38682429871,"upper_bound":199966.15329489106},"point_estimate":171311.75827860858,"standard_error":18212.59266473932},"slope":null,"std_dev":{"confidence_interval":{"confidence_level":0.95,"lower_bound":143738.60752337467,"upper_bound":206440.2481886549},"point_estimate":175611.9650778343,"standard_error":16041.512199818057}}