{"mean":{"confidence_interval":{"confidence_level":0.95,"lower_bound":2200019.889858695,"upper_bound":2246817.3102391297},"point_estimate":2222798.5078260866,"standard_error":11913.025401053821},"median":{"confidence_interval":{"confidence_level":0.95,"lower_bound":2181273.6739130435,"upper_bound":2228398.6086956523},"point_estimate":2197137.7608695654,"standard_error":11201.342409419225},"median_abs_dev":{"confidence_interval":{"confidence_level":0.95,"lower_bound":80520.29464439262,"upper_bound":127892.6513077121},"point_estimate":105062.15877390445,"standard_error":11475.093507122021},"slope":null,"std_dev":{"confidence_interval":{"confidence_level":0.95,"lower_bound":94631.18707639484,"upper_bound":142326.90528894291},"point_estimate":119792.77573262034,"standard_error":12194.84910586778}}