{"mean":{"confidence_interval":{"confidence_level":0.95,"lower_bound":2537128.245499998,"upper_bound":2569062.4695374994},"point_estimate":2553243.220999999,"standard_error":8174.547593146457},"median":{"confidence_interval":{"confidence_level":0.95,"lower_bound":2543993.6500000004,"upper_bound":2592742.05},"point_estimate":2569430.425,"standard_error":13077.461014347477},"median_abs_dev":{"confidence_interval":{"confidence_level":0.95,"lower_bound":59003.71500172459,"upper_bound":107811.22304096825},"point_estimate":82731.30243122613,"standard_error":13544.614692619025},"slope":null,"std_dev":{"confidence_interval":{"confidence_level":0.95,"lower_bound":70843.49718778464,"upper_bound":92319.06769571926},"point_estimate":81782.88071270751,"standard_error":5479.785089844183}}