{"mean":{"confidence_interval":{"confidence_level":0.95,"lower_bound":2830864.63465278,"upper_bound":2833453.549430557},"point_estimate":2832218.9544444466,"standard_error":660.8644567029163},"median":{"confidence_interval":{"confidence_level":0.95,"lower_bound":2831931.0555555555,"upper_bound":2833559.111111111},"point_estimate":2833189.638888889,"standard_error":436.64146843913716},"median_abs_dev":{"confidence_interval":{"confidence_level":0.95,"lower_bound":2528.8213551045615,"upper_bound":4390.59627205145},"point_estimate":3533.7770372629166,"standard_error":454.03192859577246},"slope":null,"std_dev":{"confidence_interval":{"confidence_level":0.95,"lower_bound":4222.688097017061,"upper_bound":8860.212557089926},"point_estimate":6661.326127234326,"standard_error":1191.7880393060482}}