{"mean":{"confidence_interval":{"confidence_level":0.95,"lower_bound":1956278.5596153839,"upper_bound":1992568.979865385},"point_estimate":1973447.5419230766,"standard_error":9288.244085601806},"median":{"confidence_interval":{"confidence_level":0.95,"lower_bound":1922714.75,"upper_bound":1953322.7115384615},"point_estimate":1933725.153846154,"standard_error":8102.4967984265595},"median_abs_dev":{"confidence_interval":{"confidence_level":0.95,"lower_bound":32368.57880995832,"upper_bound":74406.1329290269},"point_estimate":45650.194070316466,"standard_error":11062.925367746811},"slope":null,"std_dev":{"confidence_interval":{"confidence_level":0.95,"lower_bound":68476.30978366299,"upper_bound":119238.19453513499},"point_estimate":93561.204125627,"standard_error":13244.86999933461}}