{"mean":{"confidence_interval":{"confidence_level":0.95,"lower_bound":265422195.8425001,"upper_bound":371525946.15149987},"point_estimate":316853776.81,"standard_error":26963629.59428713},"median":{"confidence_interval":{"confidence_level":0.95,"lower_bound":180932648.0,"upper_bound":301928310.5},"point_estimate":213714657.5,"standard_error":30412872.618071042},"median_abs_dev":{"confidence_interval":{"confidence_level":0.95,"lower_bound":164061908.90041888,"upper_bound":319018078.68629694},"point_estimate":243397966.9533223,"standard_error":37880595.048313655},"slope":null,"std_dev":{"confidence_interval":{"confidence_level":0.95,"lower_bound":227598220.74190438,"upper_bound":314432217.03890336},"point_estimate":272097581.170414,"standard_error":22244692.62691696}}