{"mean":{"confidence_interval":{"confidence_level":0.95,"lower_bound":276857251.462,"upper_bound":384673799.69699985},"point_estimate":329544968.24,"standard_error":27591291.730536915},"median":{"confidence_interval":{"confidence_level":0.95,"lower_bound":190097257.0,"upper_bound":352912182.0},"point_estimate":262681005.0,"standard_error":41282081.23564354},"median_abs_dev":{"confidence_interval":{"confidence_level":0.95,"lower_bound":191090259.43036973,"upper_bound":308069879.22596633},"point_estimate":272648634.02701914,"standard_error":30910912.86627978},"slope":null,"std_dev":{"confidence_interval":{"confidence_level":0.95,"lower_bound":224339274.13429675,"upper_bound":321421612.7569925},"point_estimate":275952567.0481283,"standard_error":24822901.905215133}}