{"mean":{"confidence_interval":{"confidence_level":0.95,"lower_bound":295869374.25699997,"upper_bound":396265061.4352499},"point_estimate":344796139.14,"standard_error":25644505.350394182},"median":{"confidence_interval":{"confidence_level":0.95,"lower_bound":215131575.0,"upper_bound":348995553.5},"point_estimate":278228837.5,"standard_error":32070094.94276879},"median_abs_dev":{"confidence_interval":{"confidence_level":0.95,"lower_bound":163810023.31919074,"upper_bound":274451339.1958147},"point_estimate":214616416.75029695,"standard_error":27252648.931286935},"slope":null,"std_dev":{"confidence_interval":{"confidence_level":0.95,"lower_bound":218409269.0315836,"upper_bound":294194586.74296576},"point_estimate":258967353.8364517,"standard_error":19346754.931376394}}