{"mean":{"confidence_interval":{"confidence_level":0.95,"lower_bound":24703374.447333347,"upper_bound":25685502.062000003},"point_estimate":25190511.21666667,"standard_error":249576.9199205136},"median":{"confidence_interval":{"confidence_level":0.95,"lower_bound":24293273.333333332,"upper_bound":26334725.333333336},"point_estimate":25064644.666666668,"standard_error":496813.2629883335},"median_abs_dev":{"confidence_interval":{"confidence_level":0.95,"lower_bound":2314927.645301817,"upper_bound":3577754.1647821655},"point_estimate":3080222.5243151207,"standard_error":326598.79165028216},"slope":null,"std_dev":{"confidence_interval":{"confidence_level":0.95,"lower_bound":2206008.4046988646,"upper_bound":2834465.1455605137},"point_estimate":2518521.9297589906,"standard_error":160591.7586458429}}