{"mean":{"confidence_interval":{"confidence_level":0.95,"lower_bound":24134627.258583337,"upper_bound":24642033.970999997},"point_estimate":24378601.416666675,"standard_error":130018.14451689209},"median":{"confidence_interval":{"confidence_level":0.95,"lower_bound":23829420.333333332,"upper_bound":24639724.333333332},"point_estimate":24009954.5,"standard_error":192805.65332190244},"median_abs_dev":{"confidence_interval":{"confidence_level":0.95,"lower_bound":1027718.5337543478,"upper_bound":1500126.776367425},"point_estimate":1291351.2487739325,"standard_error":120667.06819891464},"slope":null,"std_dev":{"confidence_interval":{"confidence_level":0.95,"lower_bound":1060392.871755432,"upper_bound":1545635.659610769},"point_estimate":1305262.0908046993,"standard_error":124993.41398180013}}