{"mean":{"confidence_interval":{"confidence_level":0.95,"lower_bound":26247815.399375,"upper_bound":26881999.662125003},"point_estimate":26567141.18,"standard_error":161414.65136116627},"median":{"confidence_interval":{"confidence_level":0.95,"lower_bound":26157642.25,"upper_bound":27108753.25},"point_estimate":26593245.25,"standard_error":233754.53108536743},"median_abs_dev":{"confidence_interval":{"confidence_level":0.95,"lower_bound":1446111.3350763917,"upper_bound":2237020.228984952},"point_estimate":1872461.4975571632,"standard_error":201481.7312791235},"slope":null,"std_dev":{"confidence_interval":{"confidence_level":0.95,"lower_bound":1433348.7215205284,"upper_bound":1797133.9555988295},"point_estimate":1626889.0518435321,"standard_error":93167.06337702794}}