{"mean":{"confidence_interval":{"confidence_level":0.95,"lower_bound":20972366.28408333,"upper_bound":20983370.19133333},"point_estimate":20977914.423333332,"standard_error":2811.748616922022},"median":{"confidence_interval":{"confidence_level":0.95,"lower_bound":20975411.333333336,"upper_bound":20984297.666666668},"point_estimate":20980094.833333336,"standard_error":1969.9739319308328},"median_abs_dev":{"confidence_interval":{"confidence_level":0.95,"lower_bound":16629.582604765892,"upper_bound":28441.209495068586},"point_estimate":22743.824896219154,"standard_error":2844.2429760710447},"slope":null,"std_dev":{"confidence_interval":{"confidence_level":0.95,"lower_bound":22465.55010523114,"upper_bound":33619.36026125919},"point_estimate":28228.527675190307,"standard_error":2839.767095092489}}