{"mean":{"confidence_interval":{"confidence_level":0.95,"lower_bound":28528431.91575,"upper_bound":28575050.846125},"point_estimate":28553148.525,"standard_error":11957.155729716103},"median":{"confidence_interval":{"confidence_level":0.95,"lower_bound":28564757.0,"upper_bound":28592984.5},"point_estimate":28578758.25,"standard_error":8094.883813304949},"median_abs_dev":{"confidence_interval":{"confidence_level":0.95,"lower_bound":49040.70062935352,"upper_bound":88776.97447389364},"point_estimate":62866.686683893204,"standard_error":10086.722842853793},"slope":null,"std_dev":{"confidence_interval":{"confidence_level":0.95,"lower_bound":80743.32009569475,"upper_bound":156311.96700963855},"point_estimate":120079.62603600304,"standard_error":19456.27000679175}}